CODES,SITE,PLOT,DATE,SAMPLE_ID,NUMBER_FLOWERS_COLLECTED,TO_SKIP,REPLICATES
FH,1,3,20180409,FH-01-03-20180409,20,,
FH,1,3,20180423,FH-01-03-20180423,100,,
FH,1,3,20180507,FH-01-03-20180507,64,,
FH,1,3,20180518,FH-01-03-20180518,45,,
FH,1,4,20180409,FH-01-04-20180409,40,,
FH,1,4,20180423,FH-01-04-20180423,100,,
FH,1,4,20180507,FH-01-04-20180507,71,,
FH,1,4,20180518,FH-01-04-20180518,22,,
FH,1,3,20190401,FH-01-03-20190401,1,,
FH,1,3,20190415,FH-01-03-20190415,27,,
FH,1,3,20190429,FH-01-03-20190429,33,,
FH,1,3,20190513,FH-01-03-20190513,41,,
FH,1,3,20190528,FH-01-03-20190528,15,,
FH,1,4,20190401,FH-01-04-20190401,30,,
FH,1,4,20190415,FH-01-04-20190415,82,,
FH,1,4,20190429,FH-01-04-20190429,28,,
FH,1,4,20190513,FH-01-04-20190513,54,,
FH,1,4,20190528,FH-01-04-20190528,41,,
FH,2,6,20180405,FH-02-06-20180405,7,,
FH,2,6,20180420,FH-02-06-20180420,60,,
FH,2,7,20180405,FH-02-07-20180405,7,,
FH,2,7,20180420,FH-02-07-20180420,32,,
FH,2,6,20190215,FH-02-06-20190215,3,,
FH,2,7,20190221,FH-02-07-20190221,12,,
FH,4,3,20180306,FH-04-03-20180306,100,,
FH,4,3,20180321,FH-04-03-20180321,100,,
FH,4,4,20180306,FH-04-04-20180306,100,,
FH,4,4,20180321,FH-04-04-20180321,100,,
FH,4,3,20190208,FH-04-03-20190208,40,,
FH,4,3,20190221,FH-04-03-20190221,55,,
FH,5,3,20180411,FH-05-03-20180411,101,,
FH,5,3,20180426,FH-05-03-20180426,101,,
FH,5,4,20180411,FH-05-04-20180411,101,,
FH,5,4,20180426,FH-05-04-20180426,101,,
FH,5,3,20190312,FH-05-03-20190312,30,,
FH,5,4,20190312,FH-05-04-20190312,26,,
FH,6,3,20180328,FH-06-03-20180328,76,,
FH,6,3,20180412,FH-06-03-20180412,89,,
FH,6,3,20180425,FH-06-03-20180425,38,,
FH,6,4,20180328,FH-06-04-20180328,64,True,
FH,6,4,20180412,FH-06-04-20180412,75,True,
FH,6,4,20180425,FH-06-04-20180425,37,,
FH,6,3,20190212,FH-06-03-20190212,50,,
FH,6,3,20190226,FH-06-03-20190226,10,,
FH,9,3,20180418,FH-09-03-20180418,7,,
FH,9,3,20180504,FH-09-03-20180504,73,,
FH,9,3,20180518,FH-09-03-20180518,17,,
FH,9,3,20180531,FH-09-03-20180531,2,,
FH,9,4,20180418,FH-09-04-20180418,12,,
FH,9,4,20180504,FH-09-04-20180504,161,,
FH,9,4,20180518,FH-09-04-20180518,4,,
FH,9,4,20180531,FH-09-04-20180531,4,,
FH,9,3,20190604,FH-09-03-20190604,3,,
FH,10,3,20180130,FH-10-03-20180130,6,,
FH,10,3,20180215,FH-10-03-20180215,6,,
FH,10,3,20180301,FH-10-03-20180301,9,,
FH,10,4,20180130,FH-10-04-20180130,4,,
FH,10,4,20180215,FH-10-04-20180215,5,,
FH,10,4,20180301,FH-10-04-20180301,3,,
FH,10,3,20190322,FH-10-03-20190322,1,,
FH,11,3,20180430,FH-11-03-20180430,6,,
FH,11,3,20180515,FH-11-03-20180515,15,,
FH,11,3,20180529,FH-11-03-20180529,3,,
FH,11,4,20180430,FH-11-04-20180430,2,,
FH,11,4,20180515,FH-11-04-20180515,10,,
FH,11,4,20180529,FH-11-04-20180529,1,,
FH,12,4,20180427,FH-12-04-20180427,4,,
FH,12,4,20180511,FH-12-04-20180511,6,,
FH,12,4,20180525,FH-12-04-20180525,3,,
FH,12,5,20180427,FH-12-05-20180427,6,,
FH,12,5,20180511,FH-12-05-20180511,4,,
FH,12,5,20180525,FH-12-05-20180525,5,,
FH,12,4,20190430,FH-12-04-20190430,1,,
FH,12,4,20190514,FH-12-04-20190514,1,,
FH,13,3,20180307,FH-13-03-20180307,2,,
FH,13,3,20180405,FH-13-03-20180405,6,,
FH,13,3,20181103,FH-13-03-20181103,13,,
FH,13,4,20180307,FH-13-04-20180307,4,,
FH,13,4,20180321,FH-13-04-20180321,1,,
FH,13,4,20181103,FH-13-04-20181103,10,,
FH,13,3,20190107,FH-13-03-20190107,5,,
FH,13,3,20190122,FH-13-03-20190122,15,,
FH,13,3,20190208,FH-13-03-20190208,7,,
FH,13,3,20190222,FH-13-03-20190222,13,,
FH,13,3,20190308,FH-13-03-20190308,11,,
FH,13,3,20190322,FH-13-03-20190322,2,,
FH,13,4,20190107,FH-13-04-20190107,1,,
FH,13,4,20190122,FH-13-04-20190122,3,,
FH,13,4,20190208,FH-13-04-20190208,4,,
FH,13,4,20190222,FH-13-04-20190222,9,,
FH,13,4,20190308,FH-13-04-20190308,6,,
FH,13,4,20190322,FH-13-04-20190322,1,,
FH,23,3,20180522,FH-23-03-20180522,35,,
FH,23,3,20180531,FH-23-03-20180531,74,,
FH,23,3,20180609,FH-23-03-20180609,100,,
FH,23,4,20180522,FH-23-04-20180522,61,,
FH,23,4,20180531,FH-23-04-20180531,60,,
FH,23,4,20180609,FH-23-04-20180609,4,,
FH,24,3,20180521,FH-24-03-20180521,9,,
FH,24,3,20180617,FH-24-03-20180617,18,,
FH,24,3,20180729,FH-24-03-20180729,24,,
FH,24,4,20180521,FH-24-04-20180521,14,,
FH,24,4,20180617,FH-24-04-20180617,19,,
FH,24,4,20180729,FH-24-04-20180729,10,,
FH,25,3,20180418,FH-25-03-20180418,50,,
FH,25,3,20180502,FH-25-03-20180502,20,,
FH,25,3,20180527,FH-25-03-20180527,60,,
FH,25,4,20180527,FH-25-04-20180527,51,,
FH,25,3,20190403,FH-25-03-20190403,60,,
FH,25,3,20190421,FH-25-03-20190421,40,,
FH,25,3,20190508,FH-25-03-20190508,14,,
FH,25,3,20190523,FH-25-03-20190523,13,,
FH,25,4,20190403,FH-25-04-20190403,10,,
FH,25,4,20190421,FH-25-04-20190421,10,,
FH,25,4,20190508,FH-25-04-20190508,10,,
FH,25,4,20190523,FH-25-04-20190523,11,,
FH,25,4,20190926,FH-25-04-20190926,10,,
FH,26,3,20180221,FH-26-03-20180221,3,,
FH,26,3,20180304,FH-26-03-20180304,40,,
FH,26,4,20180221,FH-26-04-20180221,2,,
FH,26,4,20180304,FH-26-04-20180304,33,,
FH,27,5,20180605,FH-27-05-20180605,1,,
FH,27,6,20180902,FH-27-06-20180902,2,,
FH,27,5,20190427,FH-27-05-20190427,1,,
FH,27,5,20190602,FH-27-05-20190602,1,,
FH,27,6,20190427,FH-27-06-20190427,1,,
FH,27,6,20190508,FH-27-06-20190508,1,True,
FH,28,3,20180305,FH-28-03-20180305,33,True,
FH,28,3,20180323,FH-28-03-20180323,104,,
FH,28,3,20180409,FH-28-03-20180409,94,,
FH,28,3,20180422,FH-28-03-20180422,35,,
FH,28,4,20180305,FH-28-04-20180305,55,,
FH,28,4,20180323,FH-28-04-20180323,103,,
FH,28,4,20180409,FH-28-04-20180409,67,,
FH,28,4,20180422,FH-28-04-20180422,82,,
FH,28,3,20190308,FH-28-03-20190308,3,,
FH,28,3,20190322,FH-28-03-20190322,10,,
FH,28,3,20190407,FH-28-03-20190407,19,,
FH,28,3,20190425,FH-28-03-20190425,7,,
FH,28,4,20190322,FH-28-04-20190322,8,,
FH,28,4,20190407,FH-28-04-20190407,8,,
FH,28,4,20190425,FH-28-04-20190425,2,,
FH,32,3,20180131,FH-32-03-20180131,8,,
FH,32,3,20180219,FH-32-03-20180219,65,,
FH,32,3,20180309,FH-32-03-20180309,100,,
FH,32,4,20180131,FH-32-04-20180131,18,,
FH,32,4,20180219,FH-32-04-20180219,59,,
FH,32,4,20180309,FH-32-04-20180309,100,,
FH,32,3,20190130,FH-32-03-20190130,9,,
FH,32,3,20190214,FH-32-03-20190214,57,,True
FH,32,4,20190116,FH-32-04-20190116,5,,
FH,32,4,20190130,FH-32-04-20190130,7,,
FH,33,10,20180607,FH-33-10-20180607,10,True,
FH,33,4,20190426,FH-33-04-20190426,20,,
FH,37,3,20180529,FH-37-03-20180529,55,,
FH,37,4,20180529,FH-37-04-20180529,55,,
FH,37,4,20180706,FH-37-04-20180706,5,,
FH,42,3,20180419,FH-42-03-20180419,89,,
FH,42,3,20180506,FH-42-03-20180506,3,,
FH,42,4,20180419,FH-42-04-20180419,34,,
FH,42,4,20180506,FH-42-04-20180506,3,,
FH,42,3,20190525,FH-42-03-20190525,6,,
FH,43,3,20180206,FH-43-03-20180206,6,,
FH,43,3,20180221,FH-43-03-20180221,36,,
FH,43,3,20180314,FH-43-03-20180314,42,,
FH,43,3,20180328,FH-43-03-20180328,18,True,
FH,43,4,20180206,FH-43-04-20180206,18,,
FH,43,4,20180221,FH-43-04-20180221,38,,
FH,43,4,20180314,FH-43-04-20180314,44,,
FH,43,4,20180328,FH-43-04-20180328,25,,
FH,43,3,20190328,FH-43-03-20190328,3,,
FH,43,4,20190228,FH-43-04-20190228,10,,
FH,43,4,20190314,FH-43-04-20190314,6,,
FH,43,4,20190328,FH-43-04-20190328,4,,
FH,45,3,20180411,FH-45-03-20180411,150,,
FH,45,3,20180425,FH-45-03-20180425,60,,
FH,45,4,20180411,FH-45-04-20180411,33,,
FH,45,4,20180425,FH-45-04-20180425,90,,
FH,45,3,20190215,FH-45-03-20190215,19,,
FH,45,3,20190304,FH-45-03-20190304,18,,
FH,46,3,20180404,FH-46-03-20180404,69,,
FH,46,3,20180418,FH-46-03-20180418,100,,
FH,46,3,20180502,FH-46-03-20180502,90,,
FH,46,3,20180516,FH-46-03-20180516,20,,
FH,46,4,20180404,FH-46-04-20180404,100,,
FH,46,4,20180418,FH-46-04-20180418,100,,
FH,46,4,20180502,FH-46-04-20180502,52,,
FH,46,4,20180516,FH-46-04-20180516,40,,
FH,46,3,20190410,FH-46-03-20190410,100,,
FH,46,3,20190424,FH-46-03-20190424,69,,
FH,46,3,20190508,FH-46-03-20190508,40,,
FH,46,3,20190522,FH-46-03-20190522,15,,
FH,46,4,20190410,FH-46-04-20190410,100,,
FH,46,4,20190424,FH-46-04-20190424,70,,
FH,46,4,20190508,FH-46-04-20190508,27,,
FH,46,4,20190522,FH-46-04-20190522,17,,
FH,48,3,20180618,FH-48-03-20180618,10,,
FH,48,6,20180618,FH-48-06-20180618,10,,
FH,49,3,20180409,FH-49-03-20180409,85,,
FH,49,3,20180507,FH-49-03-20180507,2,,
FH,49,4,20180409,FH-49-04-20180409,22,,
FH,49,3,20190405,FH-49-03-20190405,6,,
FH,49,3,20190417,FH-49-03-20190417,6,,
FH,49,4,20190405,FH-49-04-20190405,2,,
FH,49,4,20190417,FH-49-04-20190417,7,,
FH,49,4,20190507,FH-49-04-20190507,1,,
FH,52,4,20180417,FH-52-04-20180417,22,,
FH,52,4,20180502,FH-52-04-20180502,32,,
FH,52,6,20180502,FH-52-06-20180502,3,,
FH,52,4,20190322,FH-52-04-20190322,2,,
FH,52,4,20190402,FH-52-04-20190402,10,,
FH,52,4,20190417,FH-52-04-20190417,15,,
FH,52,4,20190426,FH-52-04-20190426,12,,
FH,52,6,20190322,FH-52-06-20190322,2,,
FH,52,6,20190417,FH-52-06-20190417,35,,
FH,52,6,20190426,FH-52-06-20190426,13,,
FH,53,3,20180413,FH-53-03-20180413,30,,
FH,53,3,20180420,FH-53-03-20180420,140,,
FH,53,3,20180504,FH-53-03-20180504,34,,
FH,53,4,20180413,FH-53-04-20180413,18,,
FH,53,4,20180420,FH-53-04-20180420,112,,
FH,53,4,20180504,FH-53-04-20180504,21,,
FH,53,3,20190405,FH-53-03-20190405,29,,
FH,53,3,20190417,FH-53-03-20190417,112,,
FH,53,3,20190426,FH-53-03-20190426,49,,
FH,53,4,20190405,FH-53-04-20190405,45,,
FH,53,4,20190417,FH-53-04-20190417,108,,
FH,53,4,20190426,FH-53-04-20190426,71,,
FH,54,3,20180115,FH-54-03-20180115,7,,
FH,54,3,20180314,FH-54-03-20180314,100,,
FH,54,3,20180328,FH-54-03-20180328,100,,
FH,54,3,20180412,FH-54-03-20180412,100,,
FH,54,3,20180427,FH-54-03-20180427,14,,
FH,54,4,20180115,FH-54-04-20180115,17,,
FH,54,4,20180314,FH-54-04-20180314,100,,
FH,54,4,20180328,FH-54-04-20180328,100,,
FH,54,4,20180412,FH-54-04-20180412,100,,
FH,54,4,20180427,FH-54-04-20180427,34,,
FH,55,3,20180222,FH-55-03-20180222,1,,
FH,55,3,20180312,FH-55-03-20180312,2,,
FH,55,3,20180326,FH-55-03-20180326,3,,
FH,55,3,20180412,FH-55-03-20180412,4,,
FH,55,4,20180312,FH-55-04-20180312,3,,
FH,55,4,20180326,FH-55-04-20180326,5,,
FH,55,4,20180412,FH-55-04-20180412,19,,
FH,55,3,20190421,FH-55-03-20190421,4,,
FH,55,3,20190506,FH-55-03-20190506,4,,
FH,55,3,20190521,FH-55-03-20190521,3,,
FH,55,4,20190405,FH-55-04-20190405,1,,
FH,55,4,20190506,FH-55-04-20190506,4,,
FH,55,4,20190521,FH-55-04-20190521,1,,
FH,57,4,20180411,FH-57-04-20180411,2,,
FH,57,4,20180425,FH-57-04-20180425,14,,
FH,57,4,20180508,FH-57-04-20180508,11,,
FH,57,4,20180523,FH-57-04-20180523,7,,
FH,57,4,20180919,FH-57-04-20180919,6,,
FH,57,4,20181003,FH-57-04-20181003,11,,
FH,57,4,20181015,FH-57-04-20181015,6,,
FH,57,4,20181030,FH-57-04-20181030,8,,
FH,57,6,20180411,FH-57-06-20180411,8,,
FH,57,6,20180425,FH-57-06-20180425,21,,
FH,57,6,20180508,FH-57-06-20180508,21,,
FH,57,6,20180523,FH-57-06-20180523,11,,
FH,57,6,20180606,FH-57-06-20180606,1,,
FH,57,6,20180919,FH-57-06-20180919,13,,
FH,57,6,20181003,FH-57-06-20181003,21,,
FH,57,6,20181015,FH-57-06-20181015,21,,
FH,57,6,20181030,FH-57-06-20181030,16,,
FH,57,6,20181114,FH-57-06-20181114,4,,
FH,57,6,20181128,FH-57-06-20181128,4,,
FH,57,4,20190116,FH-57-04-20190116,6,,
FH,57,4,20190227,FH-57-04-20190227,8,,
FH,57,4,20190313,FH-57-04-20190313,9,,
FH,57,4,20190327,FH-57-04-20190327,96,,
FH,57,4,20190410,FH-57-04-20190410,202,,
FH,57,4,20190424,FH-57-04-20190424,54,,
FH,57,4,20190508,FH-57-04-20190508,11,,
FH,57,4,20190523,FH-57-04-20190523,28,,
FH,57,4,20190605,FH-57-04-20190605,6,,
FH,57,6,20190116,FH-57-06-20190116,1,,
FH,57,6,20190227,FH-57-06-20190227,1,,
FH,57,6,20190313,FH-57-06-20190313,3,,
FH,57,6,20190327,FH-57-06-20190327,24,,
FH,57,6,20190410,FH-57-06-20190410,53,,
FH,57,6,20190424,FH-57-06-20190424,27,,
FH,57,6,20190508,FH-57-06-20190508,7,,
FH,57,6,20190523,FH-57-06-20190523,13,,
FH,57,6,20190605,FH-57-06-20190605,5,,
FH,58,3,20190607,FH-58-03-20190607,8,,
FH,58,4,20190607,FH-58-04-20190607,1,True,
FH,60,3,20180216,FH-60-03-20180216,10,,
FH,60,3,20180420,FH-60-03-20180420,10,,
FH,60,4,20180216,FH-60-04-20180216,10,,
FH,60,4,20180420,FH-60-04-20180420,10,,
FH,1,1,20200323,FH-01-01-20200323,1,,
FH,1,1,20200406,FH-01-01-20200406,6,,
FH,1,1,20200420,FH-01-01-20200420,5,,
FH,1,1,20200504,FH-01-01-20200504,6,,
FH,1,1,20200518,FH-01-01-20200518,6,,
FH,1,4,20200406,FH-01-04-20200406,2,,
FH,1,4,20200420,FH-01-04-20200420,6,,
FH,1,4,20200504,FH-01-04-20200504,7,,
FH,1,4,20200518,FH-01-04-20200518,5,,
FH,4,1,20200206,FH-04-01-20200206,40,,
FH,4,2,20200212,FH-04-02-20200212,50,,
FH,5,1,20200207,FH-05-01-20200207,105,,
FH,5,1,20200224,FH-05-01-20200224,105,,
FH,5,1,20200312,FH-05-01-20200312,105,,
FH,5,2,20200207,FH-05-02-20200207,60,,
FH,5,2,20200224,FH-05-02-20200224,105,,
FH,5,2,20200312,FH-05-02-20200312,105,,
FH,9,5,20200523,FH-09-05-20200523,4,,
FH,9,5,20200606,FH-09-05-20200606,1,,
FH,9,6,20200523,FH-09-06-20200523,1,,
FH,13,3,20200205,FH-13-03-20200205,6,,
FH,13,3,20200221,FH-13-03-20200221,7,,
FH,13,3,20200312,FH-13-03-20200312,1,,
FH,13,4,20200205,FH-13-04-20200205,1,,
FH,13,4,20200221,FH-13-04-20200221,1,,
FH,27,1,20200505,FH-27-01-20200505,1,,
FH,27,4,20200505,FH-27-04-20200505,1,,
FH,28,13,20180309,FH-28-13-20180309,90,,
FH,28,13,20180325,FH-28-13-20180325,87,,
FH,28,13,20180408,FH-28-13-20180408,34,,
FH,28,13,20180422,FH-28-13-20180422,16,,
FH,28,14,20180309,FH-28-14-20180309,119,,
FH,28,14,20180325,FH-28-14-20180325,104,,
FH,28,14,20180408,FH-28-14-20180408,94,,
FH,28,14,20180422,FH-28-14-20180422,51,,
FH,28,13,20190308,FH-28-13-20190308,1,,
FH,28,13,20190322,FH-28-13-20190322,14,,
FH,28,13,20190407,FH-28-13-20190407,1,,
FH,28,14,20190322,FH-28-14-20190322,5,,
FH,28,14,20190407,FH-28-14-20190407,8,,
FH,28,3,20200302,FH-28-03-20200302,12,,
FH,28,4,20200214,FH-28-04-20200214,4,,
FH,28,4,20200302,FH-28-04-20200302,4,,
FH,32,1,20200117,FH-32-01-20200117,8,,
FH,32,1,20200131,FH-32-01-20200131,25,,
FH,32,1,20200214,FH-32-01-20200214,41,,
FH,32,2,20200117,FH-32-02-20200117,18,,
FH,32,2,20200131,FH-32-02-20200131,80,,
FH,32,2,20200214,FH-32-02-20200214,100,,
FH,42,1,20200319,FH-42-01-20200319,13,,
FH,42,2,20200319,FH-42-02-20200319,14,,
FH,43,2,20200309,FH-43-02-20200309,22,,
FH,43,4,20200224,FH-43-04-20200224,2,,
FH,43,4,20200309,FH-43-04-20200309,13,,
FH,45,1,20200113,FH-45-01-20200113,7,,
FH,45,1,20200127,FH-45-01-20200127,12,True,
FH,45,1,20200210,FH-45-01-20200210,42,,
FH,45,1,20200225,FH-45-01-20200225,70,,
FH,45,1,20200310,FH-45-01-20200310,11,,
FH,45,2,20200210,FH-45-02-20200210,12,,
FH,45,2,20200225,FH-45-02-20200225,79,,
FH,45,2,20200310,FH-45-02-20200310,15,,
FH,46,1,20200403,FH-46-01-20200403,100,,
FH,46,1,20200417,FH-46-01-20200417,68,,
FH,46,1,20200430,FH-46-01-20200430,29,,
FH,46,1,20200515,FH-46-01-20200515,37,,
FH,46,1,20200529,FH-46-01-20200529,6,,
FH,46,2,20200403,FH-46-02-20200403,100,,
FH,46,2,20200417,FH-46-02-20200417,70,,
FH,46,2,20200430,FH-46-02-20200430,30,,
FH,46,2,20200515,FH-46-02-20200515,48,,
FH,46,2,20200529,FH-46-02-20200529,3,,
FH,48,3,20200508,FH-48-03-20200508,5,,
FH,48,4,20200508,FH-48-04-20200508,15,,
FH,52,1,20200320,FH-52-01-20200320,32,,
FH,52,1,20200327,FH-52-01-20200327,7,,
FH,52,1,20200403,FH-52-01-20200403,4,,
FH,52,2,20200320,FH-52-02-20200320,13,,
FH,52,2,20200327,FH-52-02-20200327,11,,
FH,52,2,20200403,FH-52-02-20200403,20,,
FH,53,1,20200320,FH-53-01-20200320,17,,
FH,53,1,20200408,FH-53-01-20200408,127,,
FH,53,2,20200320,FH-53-02-20200320,20,,
FH,53,2,20200408,FH-53-02-20200408,86,,
FH,54,1,20190330,FH-54-01-20190330,100,,
FH,54,1,20190418,FH-54-01-20190418,45,,
FH,54,1,20190524,FH-54-01-20190524,31,,
FH,54,2,20190330,FH-54-02-20190330,71,,
FH,54,2,20190418,FH-54-02-20190418,30,,
FH,54,2,20190524,FH-54-02-20190524,27,,
FH,54,1,20200325,FH-54-01-20200325,13,,
FH,54,1,20200408,FH-54-01-20200408,9,,
FH,54,2,20200325,FH-54-02-20200325,25,,
FH,54,2,20200408,FH-54-02-20200408,24,,
FH,55,1,20200228,FH-55-01-20200228,3,,
FH,55,2,20200214,FH-55-02-20200214,11,,
FH,55,2,20200228,FH-55-02-20200228,57,,
FH,57,1,20190807,FH-57-01-20190807,1,,
FH,57,1,20190821,FH-57-01-20190821,5,,
FH,57,1,20190905,FH-57-01-20190905,7,,
FH,57,1,20190918,FH-57-01-20190918,9,,
FH,57,1,20191002,FH-57-01-20191002,1,,
FH,57,1,20191016,FH-57-01-20191016,3,,
FH,57,3,20190821,FH-57-03-20190821,1,,
FH,57,3,20190918,FH-57-03-20190918,1,,
FH,57,1,20200708,FH-57-01-20200708,8,,
FH,57,1,20200722,FH-57-01-20200722,3,,
FH,57,1,20200902,FH-57-01-20200902,1,,
FH,57,1,20200916,FH-57-01-20200916,2,,
FH,57,1,20200930,FH-57-01-20200930,3,,
FH,57,3,20200401,FH-57-03-20200401,1,,
FH,57,3,20200415,FH-57-03-20200415,3,,
FH,57,3,20200513,FH-57-03-20200513,1,,
FH,57,3,20200722,FH-57-03-20200722,1,,
FH,57,3,20200916,FH-57-03-20200916,2,,
FH,57,3,20200930,FH-57-03-20200930,1,,
FH,1,5,20200323,FH-01-05-20200323,6,,
FH,1,5,20200406,FH-01-05-20200406,35,,
FH,1,5,20200420,FH-01-05-20200420,20,,
FH,1,5,20200504,FH-01-05-20200504,7,,
FH,1,5,20200518,FH-01-05-20200518,4,,
FH,1,6,20200323,FH-01-06-20200323,4,,
FH,1,6,20200406,FH-01-06-20200406,15,,
FH,1,6,20200420,FH-01-06-20200420,12,,
FH,1,6,20200504,FH-01-06-20200504,7,,
FH,1,6,20200518,FH-01-06-20200518,6,,
FH,4,3,20200206,FH-04-03-20200206,30,,
FH,4,5,20200206,FH-04-05-20200206,80,,
FH,5,3,20200207,FH-05-03-20200207,30,,
FH,5,3,20200224,FH-05-03-20200224,42,,
FH,5,3,20200312,FH-05-03-20200312,100,,
FH,5,4,20200207,FH-05-04-20200207,103,,
FH,5,4,20200224,FH-05-04-20200224,106,,
FH,5,4,20200312,FH-05-04-20200312,105,,
FH,9,7,20200411,FH-09-07-20200411,9,,
FH,9,7,20200425,FH-09-07-20200425,14,,
FH,9,7,20200509,FH-09-07-20200509,10,,
FH,9,7,20200523,FH-09-07-20200523,6,,
FH,9,7,20200606,FH-09-07-20200606,2,,
FH,9,8,20200523,FH-09-08-20200523,1,,
FH,13,5,20200205,FH-13-05-20200205,1,,
FH,13,8,20200205,FH-13-08-20200205,1,,
FH,13,8,20200221,FH-13-08-20200221,1,,
FH,13,8,20200312,FH-13-08-20200312,2,,
FH,13,8,20200326,FH-13-08-20200326,3,,
FH,13,8,20200409,FH-13-08-20200409,1,,
FH,27,6,20200623,FH-27-06-20200623,1,,
FH,27,7,20200505,FH-27-07-20200505,1,,
FH,27,7,20200609,FH-27-07-20200609,5,,
FH,28,15,20180309,FH-28-15-20180309,134,,
FH,28,15,20180325,FH-28-15-20180325,111,,
FH,28,15,20180408,FH-28-15-20180408,88,,
FH,28,15,20180422,FH-28-15-20180422,63,,
FH,28,16,20180309,FH-28-16-20180309,49,,
FH,28,16,20180325,FH-28-16-20180325,63,,
FH,28,16,20180408,FH-28-16-20180408,50,,
FH,28,16,20180422,FH-28-16-20180422,17,,
FH,28,15,20190308,FH-28-15-20190308,4,,
FH,28,15,20190322,FH-28-15-20190322,11,,
FH,28,15,20190407,FH-28-15-20190407,8,,
FH,28,16,20190308,FH-28-16-20190308,2,,
FH,28,16,20190322,FH-28-16-20190322,13,,
FH,28,16,20190407,FH-28-16-20190407,12,,
FH,28,6,20200214,FH-28-06-20200214,2,,
FH,28,6,20200302,FH-28-06-20200302,12,,
FH,28,9,20200116,FH-28-09-20200116,3,,
FH,28,9,20200130,FH-28-09-20200130,8,,
FH,28,9,20200214,FH-28-09-20200214,7,,
FH,28,9,20200302,FH-28-09-20200302,38,,
FH,32,3,20200117,FH-32-03-20200117,9,,
FH,32,3,20200131,FH-32-03-20200131,32,,
FH,32,3,20200214,FH-32-03-20200214,84,,
FH,32,4,20200117,FH-32-04-20200117,2,,
FH,32,4,20200131,FH-32-04-20200131,3,,
FH,32,4,20200214,FH-32-04-20200214,15,,
FH,42,3,20200319,FH-42-03-20200319,11,,
FH,42,4,20200331,FH-42-04-20200331,11,,
FH,43,5,20200224,FH-43-05-20200224,5,,
FH,43,5,20200309,FH-43-05-20200309,33,,
FH,43,6,20200224,FH-43-06-20200224,3,,
FH,43,6,20200309,FH-43-06-20200309,27,,
FH,45,4,20200127,FH-45-04-20200127,1,,
FH,45,4,20200210,FH-45-04-20200210,81,,
FH,45,4,20200225,FH-45-04-20200225,44,,
FH,45,4,20200310,FH-45-04-20200310,1,,
FH,45,5,20200210,FH-45-05-20200210,7,,
FH,45,5,20200225,FH-45-05-20200225,1,,
FH,46,3,20200403,FH-46-03-20200403,100,,
FH,46,3,20200417,FH-46-03-20200417,75,,
FH,46,3,20200430,FH-46-03-20200430,37,,
FH,46,3,20200515,FH-46-03-20200515,51,,
FH,46,3,20200529,FH-46-03-20200529,5,,
FH,46,4,20200403,FH-46-04-20200403,100,,
FH,46,4,20200417,FH-46-04-20200417,76,,
FH,46,4,20200430,FH-46-04-20200430,26,,
FH,46,4,20200515,FH-46-04-20200515,60,,
FH,46,4,20200529,FH-46-04-20200529,5,,
FH,48,6,20200508,FH-48-06-20200508,7,,
FH,48,8,20200508,FH-48-08-20200508,4,,
FH,52,3,20200320,FH-52-03-20200320,93,,
FH,52,3,20200327,FH-52-03-20200327,100,,
FH,52,3,20200403,FH-52-03-20200403,130,,
FH,52,4,20200320,FH-52-04-20200320,27,,
FH,52,4,20200327,FH-52-04-20200327,12,,
FH,52,4,20200403,FH-52-04-20200403,9,,
FH,53,3,20200320,FH-53-03-20200320,17,,
FH,53,3,20200408,FH-53-03-20200408,104,,
FH,53,4,20200320,FH-53-04-20200320,18,,
FH,53,4,20200408,FH-53-04-20200408,99,,
FH,54,3,20190330,FH-54-03-20190330,90,,
FH,54,3,20190418,FH-54-03-20190418,31,,
FH,54,3,20190524,FH-54-03-20190524,35,,
FH,54,4,20190330,FH-54-04-20190330,100,,
FH,54,4,20190418,FH-54-04-20190418,102,,
FH,54,4,20190524,FH-54-04-20190524,59,,
FH,54,3,20200325,FH-54-03-20200325,6,,
FH,54,3,20200408,FH-54-03-20200408,11,,
FH,54,4,20200325,FH-54-04-20200325,10,,
FH,54,4,20200408,FH-54-04-20200408,14,,
FH,55,4,20200228,FH-55-04-20200228,100,,
FH,55,6,20200228,FH-55-06-20200228,100,,
FH,57,4,20190918,FH-57-04-20190918,2,,
FH,57,4,20191002,FH-57-04-20191002,1,,
FH,57,4,20191016,FH-57-04-20191016,1,,
FH,57,6,20190807,FH-57-06-20190807,2,,
FH,57,6,20190918,FH-57-06-20190918,1,,
FH,57,6,20191002,FH-57-06-20191002,1,,
FH,57,6,20191016,FH-57-06-20191016,1,,
FH,57,6,20191026,FH-57-06-20191026,1,,
FH,57,4,20200319,FH-57-04-20200319,1,,
FH,57,4,20200401,FH-57-04-20200401,2,,
FH,57,4,20200415,FH-57-04-20200415,8,,
FH,57,4,20200429,FH-57-04-20200429,2,,
FH,57,4,20200930,FH-57-04-20200930,1,,
FH,57,6,20200415,FH-57-06-20200415,2,,
FH,57,6,20200429,FH-57-06-20200429,2,,
FH,57,6,20200902,FH-57-06-20200902,1,,
FH,1,7,20200323,FH-01-07-20200323,44,,
FH,1,7,20200406,FH-01-07-20200406,41,,
FH,1,7,20200420,FH-01-07-20200420,10,,
FH,1,7,20200504,FH-01-07-20200504,9,,
FH,1,7,20200518,FH-01-07-20200518,9,,
FH,1,7,20200602,FH-01-07-20200602,2,,
FH,1,8,20200406,FH-01-08-20200406,7,,
FH,1,8,20200420,FH-01-08-20200420,1,,
FH,4,6,20200206,FH-04-06-20200206,43,,
FH,4,7,20200212,FH-04-07-20200212,17,,
FH,5,5,20200207,FH-05-05-20200207,103,,
FH,5,5,20200224,FH-05-05-20200224,100,,
FH,5,5,20200312,FH-05-05-20200312,105,,
FH,5,6,20200207,FH-05-06-20200207,110,,
FH,5,6,20200224,FH-05-06-20200224,105,,
FH,5,6,20200312,FH-05-06-20200312,103,,
FH,9,9,20200523,FH-09-09-20200523,2,,
FH,9,9,20200606,FH-09-09-20200606,1,,
FH,9,10,20200509,FH-09-10-20200509,15,,
FH,9,10,20200523,FH-09-10-20200523,6,,
FH,13,9,20200205,FH-13-09-20200205,3,,
FH,13,10,20200205,FH-13-10-20200205,3,,
FH,13,10,20200221,FH-13-10-20200221,1,,
FH,27,8,20200505,FH-27-08-20200505,2,,
FH,27,8,20200609,FH-27-08-20200609,1,,
FH,27,8,20200623,FH-27-08-20200623,1,,
FH,27,9,20200609,FH-27-09-20200609,1,,
FH,28,17,20180309,FH-28-17-20180309,44,,
FH,28,17,20180325,FH-28-17-20180325,55,,
FH,28,17,20180408,FH-28-17-20180408,56,,
FH,28,17,20180422,FH-28-17-20180422,9,,
FH,28,18,20180309,FH-28-18-20180309,138,,
FH,28,18,20180325,FH-28-18-20180325,106,,
FH,28,18,20180408,FH-28-18-20180408,107,,
FH,28,18,20180422,FH-28-18-20180422,43,,
FH,28,17,20190208,FH-28-17-20190208,2,,
FH,28,17,20190308,FH-28-17-20190308,4,,
FH,28,17,20190322,FH-28-17-20190322,11,,
FH,28,17,20190407,FH-28-17-20190407,13,,
FH,28,18,20190308,FH-28-18-20190308,1,,
FH,28,18,20190322,FH-28-18-20190322,7,,
FH,28,18,20190407,FH-28-18-20190407,17,,
FH,28,10,20200305,FH-28-10-20200305,8,,
FH,28,12,20200116,FH-28-12-20200116,21,,
FH,28,12,20200130,FH-28-12-20200130,30,,
FH,28,12,20200217,FH-28-12-20200217,98,,
FH,28,12,20200305,FH-28-12-20200305,100,,
FH,32,6,20200117,FH-32-06-20200117,2,,
FH,32,6,20200131,FH-32-06-20200131,10,,
FH,32,6,20200214,FH-32-06-20200214,8,,
FH,32,7,20200131,FH-32-07-20200131,1,,
FH,42,5,20200331,FH-42-05-20200331,15,,
FH,42,6,20200331,FH-42-06-20200331,8,,
FH,43,7,20200224,FH-43-07-20200224,5,,
FH,43,7,20200309,FH-43-07-20200309,12,,
FH,43,8,20200224,FH-43-08-20200224,2,,
FH,43,8,20200309,FH-43-08-20200309,25,,
FH,45,6,20200127,FH-45-06-20200127,3,,
FH,45,6,20200210,FH-45-06-20200210,48,,
FH,45,6,20200225,FH-45-06-20200225,73,,
FH,45,6,20200310,FH-45-06-20200310,11,,
FH,45,8,20200127,FH-45-08-20200127,2,,
FH,45,8,20200210,FH-45-08-20200210,19,,
FH,45,8,20200225,FH-45-08-20200225,29,,
FH,46,5,20200403,FH-46-05-20200403,91,,
FH,46,5,20200417,FH-46-05-20200417,40,,
FH,46,5,20200430,FH-46-05-20200430,35,,
FH,46,5,20200515,FH-46-05-20200515,31,,
FH,46,5,20200529,FH-46-05-20200529,2,,
FH,46,6,20200403,FH-46-06-20200403,95,,
FH,46,6,20200417,FH-46-06-20200417,45,,
FH,46,6,20200430,FH-46-06-20200430,34,,
FH,46,6,20200515,FH-46-06-20200515,31,,
FH,46,6,20200529,FH-46-06-20200529,3,,
FH,48,9,20200508,FH-48-09-20200508,6,,
FH,48,10,20200508,FH-48-10-20200508,5,,
FH,52,5,20200320,FH-52-05-20200320,4,,
FH,52,5,20200327,FH-52-05-20200327,5,,
FH,52,5,20200403,FH-52-05-20200403,21,,
FH,52,6,20200320,FH-52-06-20200320,61,,
FH,52,6,20200327,FH-52-06-20200327,53,,
FH,52,6,20200403,FH-52-06-20200403,42,,
FH,53,5,20200320,FH-53-05-20200320,27,,
FH,53,5,20200408,FH-53-05-20200408,107,,
FH,53,6,20200320,FH-53-06-20200320,13,,
FH,53,6,20200408,FH-53-06-20200408,81,,
FH,54,5,20190330,FH-54-05-20190330,66,,
FH,54,5,20190418,FH-54-05-20190418,77,,
FH,54,5,20190524,FH-54-05-20190524,36,,
FH,54,6,20190330,FH-54-06-20190330,9,,
FH,54,6,20190418,FH-54-06-20190418,24,,
FH,54,6,20190524,FH-54-06-20190524,42,,
FH,54,5,20200325,FH-54-05-20200325,61,,
FH,54,5,20200408,FH-54-05-20200408,32,,
FH,54,6,20200325,FH-54-06-20200325,39,,
FH,54,6,20200408,FH-54-06-20200408,40,,
FH,55,8,20200214,FH-55-08-20200214,24,,
FH,55,8,20200228,FH-55-08-20200228,100,,
FH,55,10,20200228,FH-55-10-20200228,9,,
FH,57,7,20190724,FH-57-07-20190724,1,,
FH,57,7,20190807,FH-57-07-20190807,3,,
FH,57,7,20190918,FH-57-07-20190918,4,,
FH,57,7,20191002,FH-57-07-20191002,6,,
FH,57,7,20191016,FH-57-07-20191016,4,,
FH,57,7,20191026,FH-57-07-20191026,1,,
FH,57,7,20191113,FH-57-07-20191113,3,,
FH,57,10,20190724,FH-57-10-20190724,9,,
FH,57,10,20190821,FH-57-10-20190821,9,,
FH,57,10,20190905,FH-57-10-20190905,2,,
FH,57,10,20190918,FH-57-10-20190918,3,,
FH,57,10,20191002,FH-57-10-20191002,4,,
FH,57,10,20191016,FH-57-10-20191016,5,,
FH,57,10,20191026,FH-57-10-20191026,1,,
FH,57,7,20200305,FH-57-07-20200305,2,,
FH,57,7,20200319,FH-57-07-20200319,3,,
FH,57,7,20200401,FH-57-07-20200401,8,,
FH,57,7,20200415,FH-57-07-20200415,9,,
FH,57,7,20200708,FH-57-07-20200708,2,,
FH,57,8,20200401,FH-57-08-20200401,3,,
FH,1,9,20200323,FH-01-09-20200323,1,,
FH,1,9,20200406,FH-01-09-20200406,4,,
FH,1,9,20200420,FH-01-09-20200420,8,,
FH,1,9,20200504,FH-01-09-20200504,3,,
FH,1,9,20200518,FH-01-09-20200518,4,,
FH,1,9,20200602,FH-01-09-20200602,1,,
FH,1,10,20200406,FH-01-10-20200406,3,,
FH,1,10,20200420,FH-01-10-20200420,1,,
FH,4,8,20200212,FH-04-08-20200212,24,,
FH,4,9,20200206,FH-04-09-20200206,17,,
FH,5,7,20200207,FH-05-07-20200207,30,,
FH,5,7,20200224,FH-05-07-20200224,30,,
FH,5,7,20200312,FH-05-07-20200312,62,,
FH,5,8,20200207,FH-05-08-20200207,105,,
FH,5,8,20200224,FH-05-08-20200224,105,,
FH,5,8,20200312,FH-05-08-20200312,105,,
FH,9,11,20200523,FH-09-11-20200523,3,,
FH,9,12,20200523,FH-09-12-20200523,1,,
FH,9,12,20200606,FH-09-12-20200606,1,,
FH,13,11,20200205,FH-13-11-20200205,10,,
FH,13,11,20200221,FH-13-11-20200221,8,,
FH,13,12,20200205,FH-13-12-20200205,2,,
FH,13,12,20200221,FH-13-12-20200221,5,,
FH,13,12,20200312,FH-13-12-20200312,2,,
FH,13,12,20200326,FH-13-12-20200326,3,,
FH,27,10,20200505,FH-27-10-20200505,1,,
FH,27,10,20200609,FH-27-10-20200609,1,,
FH,27,11,20200505,FH-27-11-20200505,2,,
FH,27,11,20200609,FH-27-11-20200609,1,,
FH,27,11,20200623,FH-27-11-20200623,3,,
FH,28,13,20200217,FH-28-13-20200217,10,,
FH,28,13,20200305,FH-28-13-20200305,26,,
FH,28,14,20200130,FH-28-14-20200130,1,,
FH,28,14,20200217,FH-28-14-20200217,6,,
FH,28,14,20200305,FH-28-14-20200305,8,,
FH,32,10,20200131,FH-32-10-20200131,1,,
FH,32,10,20200214,FH-32-10-20200214,1,,
FH,32,11,20200131,FH-32-11-20200131,1,,
FH,42,7,20200319,FH-42-07-20200319,14,,
FH,42,8,20200319,FH-42-08-20200319,26,,
FH,43,9,20200224,FH-43-09-20200224,1,,
FH,43,9,20200309,FH-43-09-20200309,19,,
FH,43,11,20200309,FH-43-11-20200309,7,,
FH,45,9,20200210,FH-45-09-20200210,1,,
FH,45,9,20200225,FH-45-09-20200225,4,,
FH,45,10,20200127,FH-45-10-20200127,5,,
FH,45,10,20200210,FH-45-10-20200210,27,,
FH,45,10,20200225,FH-45-10-20200225,34,,
FH,45,10,20200310,FH-45-10-20200310,2,,
FH,46,7,20200403,FH-46-07-20200403,100,,
FH,46,7,20200417,FH-46-07-20200417,41,,
FH,46,7,20200430,FH-46-07-20200430,30,,
FH,46,7,20200515,FH-46-07-20200515,26,,
FH,46,7,20200529,FH-46-07-20200529,3,,
FH,46,8,20200403,FH-46-08-20200403,100,,
FH,46,8,20200417,FH-46-08-20200417,38,,
FH,46,8,20200430,FH-46-08-20200430,26,,
FH,46,8,20200515,FH-46-08-20200515,21,,
FH,48,11,20200429,FH-48-11-20200429,11,,
FH,48,11,20200508,FH-48-11-20200508,10,,
FH,48,12,20200429,FH-48-12-20200429,30,,
FH,48,12,20200508,FH-48-12-20200508,25,,
FH,52,7,20200320,FH-52-07-20200320,55,,
FH,52,7,20200327,FH-52-07-20200327,40,,
FH,52,7,20200403,FH-52-07-20200403,49,,
FH,52,8,20200320,FH-52-08-20200320,24,,
FH,52,8,20200327,FH-52-08-20200327,21,,
FH,52,8,20200403,FH-52-08-20200403,40,,
FH,53,7,20200320,FH-53-07-20200320,21,,
FH,53,7,20200408,FH-53-07-20200408,132,,
FH,53,8,20200320,FH-53-08-20200320,20,,
FH,53,8,20200408,FH-53-08-20200408,129,,
FH,54,7,20190330,FH-54-07-20190330,11,,
FH,54,7,20190418,FH-54-07-20190418,6,,
FH,54,7,20190524,FH-54-07-20190524,6,,
FH,54,8,20190330,FH-54-08-20190330,72,,
FH,54,8,20190418,FH-54-08-20190418,69,,
FH,54,8,20190524,FH-54-08-20190524,47,,
FH,54,7,20200325,FH-54-07-20200325,10,,
FH,54,7,20200408,FH-54-07-20200408,8,,
FH,54,8,20200325,FH-54-08-20200325,67,,
FH,54,8,20200408,FH-54-08-20200408,84,,
FH,55,11,20200214,FH-55-11-20200214,7,,
FH,55,11,20200228,FH-55-11-20200228,19,,
FH,55,12,20200214,FH-55-12-20200214,9,,
FH,55,12,20200228,FH-55-12-20200228,92,,
FH,57,12,20190724,FH-57-12-20190724,9,,
FH,57,12,20190807,FH-57-12-20190807,11,,
FH,57,12,20190821,FH-57-12-20190821,25,,
FH,57,12,20190905,FH-57-12-20190905,14,,
FH,57,12,20190918,FH-57-12-20190918,14,,
FH,57,12,20191002,FH-57-12-20191002,11,,
FH,57,12,20191016,FH-57-12-20191016,5,,
FH,57,12,20191026,FH-57-12-20191026,5,,
FH,57,12,20191113,FH-57-12-20191113,4,,
FH,57,13,20190807,FH-57-13-20190807,2,,
FH,57,13,20190821,FH-57-13-20190821,1,,
FH,57,13,20190905,FH-57-13-20190905,2,,
FH,57,13,20190918,FH-57-13-20190918,3,,
FH,57,13,20191002,FH-57-13-20191002,1,,
FH,57,9,20200429,FH-57-09-20200429,1,,
FH,57,10,20200319,FH-57-10-20200319,4,,
FH,57,10,20200401,FH-57-10-20200401,2,,
FH,57,10,20200708,FH-57-10-20200708,3,,
FH,57,10,20200930,FH-57-10-20200930,3,,
FH,1,11,20200323,FH-01-11-20200323,90,,
FH,1,11,20200406,FH-01-11-20200406,100,,
FH,1,11,20200420,FH-01-11-20200420,32,,
FH,1,11,20200504,FH-01-11-20200504,17,,
FH,1,11,20200518,FH-01-11-20200518,23,,
FH,1,11,20200602,FH-01-11-20200602,2,,
FH,1,12,20200323,FH-01-12-20200323,5,,
FH,1,12,20200406,FH-01-12-20200406,23,,
FH,1,12,20200420,FH-01-12-20200420,13,,
FH,1,12,20200504,FH-01-12-20200504,2,,
FH,1,12,20200518,FH-01-12-20200518,4,,
FH,1,12,20200602,FH-01-12-20200602,1,,
FH,4,10,20200206,FH-04-10-20200206,20,,
FH,4,11,20200212,FH-04-11-20200212,11,,
FH,5,9,20200207,FH-05-09-20200207,105,,
FH,5,9,20200224,FH-05-09-20200224,105,,
FH,5,9,20200312,FH-05-09-20200312,105,,
FH,5,10,20200207,FH-05-10-20200207,105,,
FH,5,10,20200224,FH-05-10-20200224,105,,
FH,5,10,20200312,FH-05-10-20200312,105,,
FH,27,12,20200505,FH-27-12-20200505,2,,
FH,27,12,20200609,FH-27-12-20200609,6,,
FH,27,12,20200623,FH-27-12-20200623,7,,
FH,28,15,20200217,FH-28-15-20200217,6,,
FH,28,15,20200305,FH-28-15-20200305,22,,
FH,28,16,20200130,FH-28-16-20200130,2,,
FH,28,16,20200217,FH-28-16-20200217,12,,
FH,28,16,20200305,FH-28-16-20200305,48,,
FH,32,12,20200131,FH-32-12-20200131,3,,
FH,32,12,20200214,FH-32-12-20200214,2,,
FH,42,9,20200415,FH-42-09-20200415,13,,
FH,42,10,20200415,FH-42-10-20200415,12,,
FH,43,12,20200224,FH-43-12-20200224,1,,
FH,43,12,20200309,FH-43-12-20200309,28,,
FH,45,11,20200127,FH-45-11-20200127,5,,
FH,45,11,20200210,FH-45-11-20200210,29,,
FH,45,11,20200225,FH-45-11-20200225,52,,
FH,45,11,20200310,FH-45-11-20200310,1,,
FH,45,12,20200210,FH-45-12-20200210,20,,
FH,45,12,20200225,FH-45-12-20200225,62,,
FH,45,12,20200310,FH-45-12-20200310,5,,
FH,46,9,20200403,FH-46-09-20200403,100,,
FH,46,9,20200417,FH-46-09-20200417,79,,
FH,46,9,20200430,FH-46-09-20200430,38,,
FH,46,9,20200515,FH-46-09-20200515,35,,
FH,46,9,20200529,FH-46-09-20200529,6,,
FH,46,10,20200403,FH-46-10-20200403,100,,
FH,46,10,20200417,FH-46-10-20200417,45,,
FH,46,10,20200430,FH-46-10-20200430,28,,
FH,46,10,20200515,FH-46-10-20200515,28,,
FH,46,10,20200529,FH-46-10-20200529,2,,
FH,52,9,20200320,FH-52-09-20200320,74,,
FH,52,9,20200327,FH-52-09-20200327,33,,
FH,52,9,20200403,FH-52-09-20200403,33,,
FH,52,10,20200320,FH-52-10-20200320,90,,
FH,52,10,20200327,FH-52-10-20200327,51,,
FH,52,10,20200403,FH-52-10-20200403,42,,
FH,53,9,20200320,FH-53-09-20200320,26,,
FH,53,9,20200408,FH-53-09-20200408,106,,
FH,53,10,20200320,FH-53-10-20200320,22,,
FH,53,10,20200408,FH-53-10-20200408,135,,
FH,54,9,20190330,FH-54-09-20190330,50,,
FH,54,9,20190418,FH-54-09-20190418,36,,
FH,54,9,20190524,FH-54-09-20190524,30,,
FH,54,10,20190330,FH-54-10-20190330,26,,
FH,54,10,20190418,FH-54-10-20190418,41,,
FH,54,10,20190524,FH-54-10-20190524,20,,
FH,54,9,20200325,FH-54-09-20200325,51,,
FH,54,9,20200408,FH-54-09-20200408,79,,
FH,54,10,20200325,FH-54-10-20200325,22,,
FH,54,10,20200408,FH-54-10-20200408,47,,
FH,57,15,20190724,FH-57-15-20190724,6,,
FH,57,15,20190807,FH-57-15-20190807,3,,
FH,57,15,20190821,FH-57-15-20190821,4,,
FH,57,15,20190905,FH-57-15-20190905,2,,
FH,57,15,20190918,FH-57-15-20190918,1,,
FH,57,16,20190724,FH-57-16-20190724,5,,
FH,57,16,20190807,FH-57-16-20190807,1,,
FH,57,16,20190821,FH-57-16-20190821,2,,
FH,57,16,20190905,FH-57-16-20190905,3,,
FH,57,16,20190918,FH-57-16-20190918,4,,
FH,57,16,20191002,FH-57-16-20191002,1,,
FH,57,12,20200305,FH-57-12-20200305,1,,
FH,57,12,20200319,FH-57-12-20200319,1,,
FH,57,12,20200401,FH-57-12-20200401,1,,
FH,57,12,20200415,FH-57-12-20200415,5,,
FH,57,12,20200429,FH-57-12-20200429,2,,
FH,57,12,20200708,FH-57-12-20200708,3,,
FH,57,12,20200722,FH-57-12-20200722,3,,
FH,57,12,20200902,FH-57-12-20200902,5,,
FH,57,12,20200916,FH-57-12-20200916,3,,
FH,57,12,20200930,FH-57-12-20200930,6,,
FH,57,13,20200305,FH-57-13-20200305,1,,
FH,57,13,20200319,FH-57-13-20200319,3,,
FH,57,13,20200401,FH-57-13-20200401,9,,
FH,57,13,20200415,FH-57-13-20200415,15,,
FH,57,13,20200429,FH-57-13-20200429,3,,
FH,57,13,20200513,FH-57-13-20200513,5,,
FH,57,13,20200527,FH-57-13-20200527,3,,
FH,57,13,20200722,FH-57-13-20200722,1,,
FH,57,13,20200930,FH-57-13-20200930,1,,
FH,4,12,20200212,FH-04-12-20200212,10,,
FH,5,11,20200207,FH-05-11-20200207,36,,
FH,5,11,20200224,FH-05-11-20200224,105,,
FH,5,11,20200312,FH-05-11-20200312,105,,
FH,5,12,20200207,FH-05-12-20200207,37,,
FH,5,12,20200224,FH-05-12-20200224,64,,
FH,5,12,20200312,FH-05-12-20200312,88,,
FH,28,17,20200130,FH-28-17-20200130,3,,
FH,28,17,20200217,FH-28-17-20200217,7,,
FH,28,17,20200305,FH-28-17-20200305,22,,
FH,28,18,20200305,FH-28-18-20200305,19,,
FH,46,11,20200403,FH-46-11-20200403,100,,
FH,46,11,20200417,FH-46-11-20200417,59,,
FH,46,11,20200430,FH-46-11-20200430,48,,
FH,46,11,20200515,FH-46-11-20200515,22,,
FH,46,11,20200529,FH-46-11-20200529,7,,
FH,46,12,20200403,FH-46-12-20200403,100,,
FH,46,12,20200417,FH-46-12-20200417,28,,
FH,46,12,20200430,FH-46-12-20200430,17,,
FH,46,12,20200515,FH-46-12-20200515,18,,
FH,46,12,20200529,FH-46-12-20200529,3,,
FH,52,11,20200320,FH-52-11-20200320,50,,
FH,52,11,20200327,FH-52-11-20200327,29,,
FH,52,11,20200403,FH-52-11-20200403,21,,
FH,52,12,20200320,FH-52-12-20200320,100,,
FH,52,12,20200327,FH-52-12-20200327,88,,
FH,52,12,20200403,FH-52-12-20200403,64,,
FH,53,11,20200320,FH-53-11-20200320,46,,
FH,53,11,20200408,FH-53-11-20200408,122,,
FH,53,12,20200320,FH-53-12-20200320,13,,
FH,53,12,20200408,FH-53-12-20200408,132,,
FH,54,11,20190330,FH-54-11-20190330,93,,
FH,54,11,20190418,FH-54-11-20190418,89,,
FH,54,11,20190524,FH-54-11-20190524,24,,
FH,54,12,20190418,FH-54-12-20190418,1,,
FH,54,12,20190524,FH-54-12-20190524,28,,
FH,54,11,20200325,FH-54-11-20200325,43,,
FH,54,11,20200408,FH-54-11-20200408,74,,
FH,54,12,20200325,FH-54-12-20200325,31,,
FH,54,12,20200408,FH-54-12-20200408,58,,
FH,57,18,20190807,FH-57-18-20190807,1,,
FH,57,15,20200401,FH-57-15-20200401,2,,
FH,57,15,20200415,FH-57-15-20200415,1,,
FH,57,15,20200429,FH-57-15-20200429,1,,
FH,57,15,20200513,FH-57-15-20200513,1,,
FH,57,15,20200527,FH-57-15-20200527,1,,
FH,57,16,20200319,FH-57-16-20200319,1,,
FH,57,16,20200401,FH-57-16-20200401,3,,
FH,57,16,20200415,FH-57-16-20200415,7,,
FH,57,16,20200429,FH-57-16-20200429,1,,
FH,57,16,20200722,FH-57-16-20200722,2,,
FH,57,16,20200916,FH-57-16-20200916,1,,
FH,57,16,20200930,FH-57-16-20200930,2,,
FH,57,18,20200219,FH-57-18-20200219,1,,
FH,57,18,20200305,FH-57-18-20200305,3,,
FH,57,18,20200319,FH-57-18-20200319,3,,
FH,57,18,20200401,FH-57-18-20200401,7,,
FH,57,18,20200415,FH-57-18-20200415,2,,
FH,13,8,20210312,FH-13-08-20210312,1,,
FH,2,13,20180405,FH-02-13-20180405,26,,
FH,2,13,20180420,FH-02-13-20180420,100,,
FH,2,14,20180405,FH-02-14-20180405,55,,
FH,2,14,20180420,FH-02-14-20180420,144,,
FH,2,15,20180420,FH-02-15-20180420,2,,
FH,2,16,20180405,FH-02-16-20180405,8,,
FH,2,16,20180420,FH-02-16-20180420,58,,
FH,2,18,20180405,FH-02-18-20180405,16,,
FH,2,18,20180420,FH-02-18-20180420,60,,
FH,1,1,20180409,FH-01-01-20180409,16,,
FH,1,1,20180423,FH-01-01-20180423,100,,
FH,1,1,20180507,FH-01-01-20180507,17,,
FH,1,1,20180518,FH-01-01-20180518,13,,
FH,1,2,20180409,FH-01-02-20180409,17,,
FH,1,2,20180423,FH-01-02-20180423,100,,
FH,1,2,20180507,FH-01-02-20180507,68,,
FH,1,2,20180518,FH-01-02-20180518,50,,
FH,1,1,20190401,FH-01-01-20190401,17,,
FH,1,1,20190415,FH-01-01-20190415,55,,
FH,1,1,20190429,FH-01-01-20190429,45,,
FH,1,1,20190513,FH-01-01-20190513,43,,
FH,1,1,20190528,FH-01-01-20190528,48,,
FH,1,2,20190401,FH-01-02-20190401,28,,
FH,1,2,20190415,FH-01-02-20190415,66,,
FH,1,2,20190429,FH-01-02-20190429,33,,
FH,1,2,20190513,FH-01-02-20190513,32,,
FH,1,2,20190528,FH-01-02-20190528,35,,
FH,2,1,20180316,FH-02-01-20180316,1,,
FH,2,1,20180405,FH-02-01-20180405,11,,
FH,2,1,20180420,FH-02-01-20180420,30,,
FH,2,5,20180316,FH-02-05-20180316,5,,
FH,2,5,20180405,FH-02-05-20180405,70,,
FH,2,5,20180420,FH-02-05-20180420,87,,
FH,2,5,20190221,FH-02-05-20190221,15,,
FH,4,1,20180306,FH-04-01-20180306,100,,
FH,4,1,20180321,FH-04-01-20180321,100,,
FH,4,2,20180306,FH-04-02-20180306,100,,
FH,4,2,20180321,FH-04-02-20180321,100,,
FH,4,1,20190208,FH-04-01-20190208,25,,
FH,4,1,20190221,FH-04-01-20190221,55,,
FH,4,2,20190208,FH-04-02-20190208,25,,
FH,4,2,20190221,FH-04-02-20190221,35,,
FH,5,1,20180411,FH-05-01-20180411,101,,
FH,5,1,20180426,FH-05-01-20180426,101,,
FH,5,2,20180411,FH-05-02-20180411,101,,
FH,5,2,20180426,FH-05-02-20180426,101,,
FH,5,1,20190312,FH-05-01-20190312,100,,
FH,5,2,20190312,FH-05-02-20190312,100,,
FH,6,1,20180328,FH-06-01-20180328,71,,
FH,6,1,20180412,FH-06-01-20180412,72,,
FH,6,1,20180425,FH-06-01-20180425,34,,
FH,6,2,20180328,FH-06-02-20180328,80,,
FH,6,2,20180412,FH-06-02-20180412,69,,
FH,6,2,20180425,FH-06-02-20180425,33,,
FH,6,2,20190212,FH-06-02-20190212,50,,
FH,6,2,20190226,FH-06-02-20190226,10,,
FH,9,1,20180420,FH-09-01-20180420,9,,
FH,9,1,20180504,FH-09-01-20180504,113,,
FH,9,1,20180518,FH-09-01-20180518,12,,
FH,9,1,20180531,FH-09-01-20180531,6,,
FH,9,2,20180420,FH-09-02-20180420,17,,
FH,9,2,20180504,FH-09-02-20180504,124,,
FH,9,2,20180518,FH-09-02-20180518,7,,
FH,9,2,20180531,FH-09-02-20180531,2,,
FH,9,2,20190604,FH-09-02-20190604,1,,
FH,10,1,20180130,FH-10-01-20180130,3,,
FH,10,1,20180215,FH-10-01-20180215,9,,
FH,10,1,20180301,FH-10-01-20180301,6,,
FH,10,2,20180130,FH-10-02-20180130,2,,
FH,10,2,20180215,FH-10-02-20180215,6,,
FH,10,2,20180301,FH-10-02-20180301,7,,
FH,10,1,20190206,FH-10-01-20190206,1,,
FH,10,2,20190206,FH-10-02-20190206,1,,
FH,10,2,20190308,FH-10-02-20190308,1,,
FH,11,1,20180430,FH-11-01-20180430,6,,
FH,11,1,20180515,FH-11-01-20180515,14,,
FH,11,2,20180430,FH-11-02-20180430,6,,
FH,11,2,20180515,FH-11-02-20180515,11,,
FH,11,1,20190508,FH-11-01-20190508,3,,
FH,11,2,20190508,FH-11-02-20190508,4,,
FH,12,2,20180427,FH-12-02-20180427,2,,
FH,12,2,20180525,FH-12-02-20180525,1,,
FH,12,3,20180427,FH-12-03-20180427,1,,
FH,12,3,20180511,FH-12-03-20180511,2,,
FH,12,3,20180525,FH-12-03-20180525,2,,
FH,13,1,20180307,FH-13-01-20180307,2,,
FH,13,1,20180321,FH-13-01-20180321,6,,
FH,13,1,20181103,FH-13-01-20181103,5,,
FH,13,1,20181128,FH-13-01-20181128,3,,
FH,13,2,20180307,FH-13-02-20180307,3,,
FH,13,2,20180321,FH-13-02-20180321,3,,
FH,13,2,20180405,FH-13-02-20180405,4,,
FH,13,2,20181103,FH-13-02-20181103,3,,
FH,13,2,20181128,FH-13-02-20181128,3,,
FH,13,1,20190107,FH-13-01-20190107,6,,
FH,13,1,20190122,FH-13-01-20190122,11,,
FH,13,1,20190208,FH-13-01-20190208,16,,
FH,13,1,20190222,FH-13-01-20190222,15,,
FH,13,1,20190308,FH-13-01-20190308,16,,
FH,13,1,20190322,FH-13-01-20190322,8,,
FH,13,2,20190107,FH-13-02-20190107,8,,
FH,13,2,20190122,FH-13-02-20190122,9,,
FH,13,2,20190208,FH-13-02-20190208,11,,
FH,13,2,20190222,FH-13-02-20190222,14,,
FH,13,2,20190308,FH-13-02-20190308,13,,
FH,23,1,20180522,FH-23-01-20180522,7,,
FH,23,1,20180531,FH-23-01-20180531,71,,
FH,23,1,20180609,FH-23-01-20180609,82,,
FH,23,2,20180522,FH-23-02-20180522,100,,
FH,23,2,20180531,FH-23-02-20180531,100,,
FH,23,2,20180609,FH-23-02-20180609,100,,
FH,24,1,20180521,FH-24-01-20180521,2,,
FH,24,1,20180617,FH-24-01-20180617,10,,
FH,24,1,20180729,FH-24-01-20180729,8,,
FH,24,2,20180521,FH-24-02-20180521,12,,
FH,24,2,20180617,FH-24-02-20180617,20,,
FH,24,2,20180729,FH-24-02-20180729,24,,
FH,25,1,20180418,FH-25-01-20180418,18,,
FH,25,1,20180502,FH-25-01-20180502,23,,
FH,25,1,20180527,FH-25-01-20180527,10,,
FH,25,2,20180527,FH-25-02-20180527,70,,
FH,25,1,20190403,FH-25-01-20190403,35,,
FH,25,1,20190421,FH-25-01-20190421,20,,
FH,25,1,20190508,FH-25-01-20190508,14,,
FH,25,1,20190523,FH-25-01-20190523,15,,
FH,25,2,20190403,FH-25-02-20190403,20,,
FH,25,2,20190508,FH-25-02-20190508,6,,
FH,25,2,20190523,FH-25-02-20190523,6,,
FH,25,2,20190926,FH-25-02-20190926,7,,
FH,26,1,20180304,FH-26-01-20180304,22,,
FH,26,2,20180221,FH-26-02-20180221,3,,
FH,26,2,20180304,FH-26-02-20180304,37,,
FH,27,1,20180605,FH-27-01-20180605,4,,
FH,27,2,20180902,FH-27-02-20180902,3,,
FH,27,1,20190427,FH-27-01-20190427,4,,
FH,27,1,20190508,FH-27-01-20190508,2,,
FH,27,1,20190602,FH-27-01-20190602,1,,
FH,27,2,20190427,FH-27-02-20190427,3,,
FH,28,1,20180305,FH-28-01-20180305,24,,
FH,28,1,20180323,FH-28-01-20180323,105,,
FH,28,1,20180409,FH-28-01-20180409,96,,
FH,28,1,20180422,FH-28-01-20180422,75,,
FH,28,2,20180305,FH-28-02-20180305,27,,
FH,28,2,20180323,FH-28-02-20180323,101,,
FH,28,2,20180409,FH-28-02-20180409,47,,
FH,28,2,20180422,FH-28-02-20180422,13,,
FH,28,1,20190425,FH-28-01-20190425,3,,
FH,28,2,20190308,FH-28-02-20190308,3,,
FH,28,2,20190322,FH-28-02-20190322,6,,
FH,28,2,20190407,FH-28-02-20190407,14,,
FH,28,2,20190425,FH-28-02-20190425,18,,
FH,32,1,20180131,FH-32-01-20180131,34,,
FH,32,1,20180219,FH-32-01-20180219,87,,
FH,32,1,20180309,FH-32-01-20180309,100,,
FH,32,2,20180131,FH-32-02-20180131,28,,
FH,32,2,20180219,FH-32-02-20180219,100,,
FH,32,2,20180309,FH-32-02-20180309,100,,
FH,32,1,20190116,FH-32-01-20190116,15,,
FH,32,1,20190130,FH-32-01-20190130,30,,
FH,32,1,20190214,FH-32-01-20190214,53,,
FH,32,2,20190130,FH-32-02-20190130,6,,
FH,32,2,20190214,FH-32-02-20190214,10,,
FH,33,1,20180607,FH-33-01-20180607,7,,
FH,33,7,20180607,FH-33-07-20180607,32,True,
FH,37,1,20180529,FH-37-01-20180529,60,,
FH,37,2,20180529,FH-37-02-20180529,52,,
FH,42,1,20180419,FH-42-01-20180419,96,,
FH,42,1,20180506,FH-42-01-20180506,7,,
FH,42,2,20180419,FH-42-02-20180419,92,,
FH,42,2,20180506,FH-42-02-20180506,5,,
FH,43,1,20180206,FH-43-01-20180206,13,,
FH,43,1,20180221,FH-43-01-20180221,38,,
FH,43,1,20180314,FH-43-01-20180314,85,,
FH,43,1,20180328,FH-43-01-20180328,20,,
FH,43,2,20180206,FH-43-02-20180206,14,,
FH,43,2,20180221,FH-43-02-20180221,44,,
FH,43,2,20180314,FH-43-02-20180314,54,,
FH,43,2,20180328,FH-43-02-20180328,19,,
FH,43,1,20190228,FH-43-01-20190228,16,,
FH,43,1,20190314,FH-43-01-20190314,36,,
FH,45,1,20180327,FH-45-01-20180327,11,,
FH,45,1,20180411,FH-45-01-20180411,112,,
FH,45,1,20180425,FH-45-01-20180425,60,,
FH,45,2,20180411,FH-45-02-20180411,84,,
FH,45,2,20180425,FH-45-02-20180425,44,,
FH,45,1,20190115,FH-45-01-20190115,1,,
FH,45,1,20190131,FH-45-01-20190131,12,,
FH,45,1,20190215,FH-45-01-20190215,100,,
FH,45,1,20190304,FH-45-01-20190304,21,,
FH,46,1,20180404,FH-46-01-20180404,73,,
FH,46,1,20180418,FH-46-01-20180418,100,,
FH,46,1,20180502,FH-46-01-20180502,50,,
FH,46,1,20180516,FH-46-01-20180516,14,,
FH,46,2,20180404,FH-46-02-20180404,96,,
FH,46,2,20180418,FH-46-02-20180418,100,,
FH,46,2,20180502,FH-46-02-20180502,41,,
FH,46,2,20180516,FH-46-02-20180516,34,,
FH,46,1,20190410,FH-46-01-20190410,100,,
FH,46,1,20190424,FH-46-01-20190424,80,,
FH,46,1,20190508,FH-46-01-20190508,34,,
FH,46,1,20190522,FH-46-01-20190522,16,,
FH,46,2,20190410,FH-46-02-20190410,100,,
FH,46,2,20190424,FH-46-02-20190424,75,,
FH,46,2,20190508,FH-46-02-20190508,32,,
FH,46,2,20190522,FH-46-02-20190522,12,,
FH,48,1,20180618,FH-48-01-20180618,10,,
FH,48,2,20180618,FH-48-02-20180618,18,,
FH,49,1,20180409,FH-49-01-20180409,94,,
FH,49,1,20181025,FH-49-01-20181025,1,,
FH,49,1,20181101,FH-49-01-20181101,1,,
FH,49,1,20181108,FH-49-01-20181108,1,,
FH,49,1,20181122,FH-49-01-20181122,1,,
FH,49,2,20180409,FH-49-02-20180409,48,,
FH,49,2,20180507,FH-49-02-20180507,1,,
FH,49,1,20190405,FH-49-01-20190405,13,,
FH,49,1,20190417,FH-49-01-20190417,10,,
FH,49,2,20190320,FH-49-02-20190320,2,,
FH,49,2,20190405,FH-49-02-20190405,16,,
FH,49,2,20190417,FH-49-02-20190417,16,,
FH,49,2,20190507,FH-49-02-20190507,1,,
FH,49,2,20190521,FH-49-02-20190521,2,,
FH,52,2,20180417,FH-52-02-20180417,1,,
FH,52,2,20180502,FH-52-02-20180502,2,,
FH,52,3,20180417,FH-52-03-20180417,4,,
FH,52,3,20180502,FH-52-03-20180502,22,,
FH,52,2,20190417,FH-52-02-20190417,10,,
FH,52,2,20190426,FH-52-02-20190426,5,,
FH,52,3,20190402,FH-52-03-20190402,4,,
FH,52,3,20190417,FH-52-03-20190417,50,,
FH,52,3,20190426,FH-52-03-20190426,35,,
FH,53,1,20180413,FH-53-01-20180413,45,,
FH,53,1,20180420,FH-53-01-20180420,134,,
FH,53,1,20180504,FH-53-01-20180504,43,,
FH,53,2,20180413,FH-53-02-20180413,7,,
FH,53,2,20180420,FH-53-02-20180420,27,,
FH,53,2,20180504,FH-53-02-20180504,22,,
FH,53,1,20190405,FH-53-01-20190405,45,,
FH,53,1,20190417,FH-53-01-20190417,113,,
FH,53,1,20190426,FH-53-01-20190426,28,,
FH,53,2,20190405,FH-53-02-20190405,37,,
FH,53,2,20190417,FH-53-02-20190417,117,,
FH,53,2,20190426,FH-53-02-20190426,63,,
FH,54,1,20180115,FH-54-01-20180115,14,,
FH,54,1,20180314,FH-54-01-20180314,100,,
FH,54,1,20180328,FH-54-01-20180328,100,,
FH,54,1,20180412,FH-54-01-20180412,100,,
FH,54,1,20180427,FH-54-01-20180427,23,,
FH,54,2,20180115,FH-54-02-20180115,13,,
FH,54,2,20180314,FH-54-02-20180314,100,,
FH,54,2,20180328,FH-54-02-20180328,100,,
FH,54,2,20180412,FH-54-02-20180412,100,,
FH,54,2,20180427,FH-54-02-20180427,18,,
FH,55,1,20180312,FH-55-01-20180312,1,,
FH,55,1,20180326,FH-55-01-20180326,2,,
FH,55,1,20180412,FH-55-01-20180412,5,,
FH,55,2,20180222,FH-55-02-20180222,7,,
FH,55,2,20180312,FH-55-02-20180312,14,,
FH,55,2,20180326,FH-55-02-20180326,26,,
FH,55,2,20180412,FH-55-02-20180412,100,,
FH,55,1,20190506,FH-55-01-20190506,2,,
FH,55,1,20190521,FH-55-01-20190521,1,,
FH,55,2,20190421,FH-55-02-20190421,7,,
FH,55,2,20190506,FH-55-02-20190506,6,,
FH,55,2,20190521,FH-55-02-20190521,9,,
FH,57,1,20180425,FH-57-01-20180425,6,,
FH,57,1,20180508,FH-57-01-20180508,3,,
FH,57,1,20180523,FH-57-01-20180523,1,,
FH,57,1,20180919,FH-57-01-20180919,38,,
FH,57,1,20181003,FH-57-01-20181003,49,,
FH,57,1,20181015,FH-57-01-20181015,38,,
FH,57,1,20181030,FH-57-01-20181030,22,,
FH,57,1,20181114,FH-57-01-20181114,23,,
FH,57,1,20181128,FH-57-01-20181128,22,,
FH,57,1,20181211,FH-57-01-20181211,9,,
FH,57,3,20180425,FH-57-03-20180425,8,,
FH,57,3,20180508,FH-57-03-20180508,4,,
FH,57,3,20180523,FH-57-03-20180523,4,,
FH,57,3,20180606,FH-57-03-20180606,2,,
FH,57,3,20180919,FH-57-03-20180919,12,,
FH,57,3,20181003,FH-57-03-20181003,16,,
FH,57,3,20181015,FH-57-03-20181015,9,,
FH,57,3,20181030,FH-57-03-20181030,6,,
FH,57,1,20190116,FH-57-01-20190116,15,,
FH,57,1,20190129,FH-57-01-20190129,9,,
FH,57,1,20190213,FH-57-01-20190213,6,,
FH,57,1,20190227,FH-57-01-20190227,22,,
FH,57,1,20190313,FH-57-01-20190313,9,,
FH,57,1,20190327,FH-57-01-20190327,30,,
FH,57,1,20190410,FH-57-01-20190410,69,,
FH,57,1,20190424,FH-57-01-20190424,27,,
FH,57,1,20190508,FH-57-01-20190508,8,,
FH,57,1,20190523,FH-57-01-20190523,14,,
FH,57,1,20190605,FH-57-01-20190605,14,,
FH,57,3,20190116,FH-57-03-20190116,3,,
FH,57,3,20190129,FH-57-03-20190129,3,,
FH,57,3,20190223,FH-57-03-20190223,4,,
FH,57,3,20190227,FH-57-03-20190227,13,,
FH,57,3,20190313,FH-57-03-20190313,4,,
FH,57,3,20190327,FH-57-03-20190327,57,,
FH,57,3,20190410,FH-57-03-20190410,197,,
FH,57,3,20190424,FH-57-03-20190424,35,,
FH,57,3,20190508,FH-57-03-20190508,15,,
FH,57,3,20190523,FH-57-03-20190523,24,,
FH,57,3,20190605,FH-57-03-20190605,4,,
FH,58,1,20190607,FH-58-01-20190607,5,,
FH,58,2,20190607,FH-58-02-20190607,7,,
FH,60,1,20180216,FH-60-01-20180216,15,,
FH,60,1,20180420,FH-60-01-20180420,20,,
FH,60,2,20180216,FH-60-02-20180216,3,,
FH,1,5,20180409,FH-01-05-20180409,27,,
FH,1,5,20180423,FH-01-05-20180423,100,,
FH,1,5,20180507,FH-01-05-20180507,57,,
FH,1,5,20180518,FH-01-05-20180518,42,,
FH,1,6,20180409,FH-01-06-20180409,39,,
FH,1,6,20180423,FH-01-06-20180423,82,,
FH,1,6,20180507,FH-01-06-20180507,49,,
FH,1,6,20180518,FH-01-06-20180518,33,,
FH,1,5,20190401,FH-01-05-20190401,10,,
FH,1,5,20190415,FH-01-05-20190415,63,,
FH,1,5,20190429,FH-01-05-20190429,51,,
FH,1,5,20190513,FH-01-05-20190513,48,,
FH,1,5,20190528,FH-01-05-20190528,32,,
FH,1,6,20190401,FH-01-06-20190401,16,,
FH,1,6,20190415,FH-01-06-20190415,100,,
FH,1,6,20190429,FH-01-06-20190429,50,,
FH,1,6,20190513,FH-01-06-20190513,78,,
FH,1,6,20190528,FH-01-06-20190528,32,,
FH,2,8,20180405,FH-02-08-20180405,24,,
FH,2,8,20180420,FH-02-08-20180420,85,,
FH,2,9,20180405,FH-02-09-20180405,10,,
FH,2,9,20180420,FH-02-09-20180420,75,,
FH,4,5,20180306,FH-04-05-20180306,100,,
FH,4,5,20180321,FH-04-05-20180321,100,,
FH,4,6,20180306,FH-04-06-20180306,100,,
FH,4,6,20180321,FH-04-06-20180321,100,,
FH,4,5,20190208,FH-04-05-20190208,30,,
FH,4,5,20190221,FH-04-05-20190221,45,,
FH,4,6,20190208,FH-04-06-20190208,25,,
FH,4,6,20190221,FH-04-06-20190221,50,,
FH,5,5,20180411,FH-05-05-20180411,101,,
FH,5,5,20180426,FH-05-05-20180426,101,,
FH,5,6,20180411,FH-05-06-20180411,101,,
FH,5,6,20180426,FH-05-06-20180426,101,,
FH,5,5,20190312,FH-05-05-20190312,32,,
FH,5,6,20190312,FH-05-06-20190312,85,,
FH,6,5,20180328,FH-06-05-20180328,54,,
FH,6,5,20180412,FH-06-05-20180412,100,,
FH,6,5,20180425,FH-06-05-20180425,37,,
FH,6,6,20180328,FH-06-06-20180328,64,,
FH,6,6,20180412,FH-06-06-20180412,100,,
FH,6,6,20180425,FH-06-06-20180425,35,,
FH,6,5,20190212,FH-06-05-20190212,50,,
FH,6,5,20190226,FH-06-05-20190226,12,,
FH,6,6,20190212,FH-06-06-20190212,50,,
FH,6,6,20190226,FH-06-06-20190226,44,,
FH,9,5,20180418,FH-09-05-20180418,6,,
FH,9,5,20180504,FH-09-05-20180504,91,,
FH,9,5,20180518,FH-09-05-20180518,6,,
FH,9,6,20180418,FH-09-06-20180418,4,,
FH,9,6,20180504,FH-09-06-20180504,97,,
FH,9,6,20180518,FH-09-06-20180518,17,,
FH,9,6,20180531,FH-09-06-20180531,14,,
FH,9,6,20190604,FH-09-06-20190604,3,,
FH,10,5,20180130,FH-10-05-20180130,10,,
FH,10,5,20180215,FH-10-05-20180215,10,,
FH,10,5,20180301,FH-10-05-20180301,10,,
FH,10,6,20180130,FH-10-06-20180130,10,,
FH,10,6,20180215,FH-10-06-20180215,15,,
FH,10,6,20180301,FH-10-06-20180301,8,,
FH,10,5,20190206,FH-10-05-20190206,2,,
FH,10,5,20190222,FH-10-05-20190222,1,,
FH,10,5,20190308,FH-10-05-20190308,2,,
FH,11,5,20180430,FH-11-05-20180430,20,,
FH,11,5,20180515,FH-11-05-20180515,7,,
FH,11,6,20180430,FH-11-06-20180430,3,,
FH,11,6,20180515,FH-11-06-20180515,8,,
FH,11,5,20190508,FH-11-05-20190508,2,,
FH,11,6,20190508,FH-11-06-20190508,9,,
FH,12,6,20180427,FH-12-06-20180427,2,,
FH,12,6,20180511,FH-12-06-20180511,2,,
FH,12,6,20180525,FH-12-06-20180525,2,,
FH,12,7,20180525,FH-12-07-20180525,2,,
FH,13,5,20180307,FH-13-05-20180307,2,,
FH,13,5,20181103,FH-13-05-20181103,4,,
FH,13,5,20181128,FH-13-05-20181128,1,,
FH,13,6,20180307,FH-13-06-20180307,6,,
FH,13,5,20190107,FH-13-05-20190107,3,,
FH,13,5,20190122,FH-13-05-20190122,3,,
FH,13,5,20190208,FH-13-05-20190208,3,,
FH,13,5,20190222,FH-13-05-20190222,2,,
FH,13,5,20190308,FH-13-05-20190308,3,,
FH,13,5,20190322,FH-13-05-20190322,4,,
FH,23,5,20180522,FH-23-05-20180522,35,,
FH,23,5,20180531,FH-23-05-20180531,54,,
FH,23,5,20180609,FH-23-05-20180609,94,,True
FH,23,6,20180522,FH-23-06-20180522,49,,
FH,23,6,20180531,FH-23-06-20180531,66,,
FH,23,6,20180609,FH-23-06-20180609,100,,
FH,24,5,20180729,FH-24-05-20180729,13,,
FH,24,7,20180521,FH-24-07-20180521,17,,
FH,24,7,20190706,FH-24-07-20190706,1,True,
FH,25,5,20180418,FH-25-05-20180418,10,,
FH,25,5,20180502,FH-25-05-20180502,23,,
FH,25,5,20180527,FH-25-05-20180527,10,,
FH,25,6,20180418,FH-25-06-20180418,10,,
FH,25,6,20180502,FH-25-06-20180502,14,,
FH,25,5,20190403,FH-25-05-20190403,10,,
FH,25,5,20190421,FH-25-05-20190421,20,,
FH,25,5,20190508,FH-25-05-20190508,6,,
FH,25,5,20190523,FH-25-05-20190523,6,,
FH,25,6,20190403,FH-25-06-20190403,10,,
FH,25,6,20190421,FH-25-06-20190421,20,,
FH,25,6,20190508,FH-25-06-20190508,9,,
FH,25,6,20190523,FH-25-06-20190523,10,,
FH,26,5,20180304,FH-26-05-20180304,3,,
FH,26,6,20180221,FH-26-06-20180221,1,,
FH,26,6,20180304,FH-26-06-20180304,21,,
FH,27,7,20180605,FH-27-07-20180605,4,,
FH,27,8,20180605,FH-27-08-20180605,1,,
FH,27,7,20190427,FH-27-07-20190427,2,,
FH,27,7,20190602,FH-27-07-20190602,4,,
FH,28,5,20180305,FH-28-05-20180305,78,,
FH,28,5,20180323,FH-28-05-20180323,104,,
FH,28,5,20180409,FH-28-05-20180409,105,,
FH,28,5,20180422,FH-28-05-20180422,28,,
FH,28,6,20180305,FH-28-06-20180305,34,,
FH,28,6,20180323,FH-28-06-20180323,103,,
FH,28,6,20180409,FH-28-06-20180409,33,,
FH,28,6,20180422,FH-28-06-20180422,26,,
FH,28,5,20190308,FH-28-05-20190308,2,,
FH,28,5,20190407,FH-28-05-20190407,1,,
FH,28,5,20190425,FH-28-05-20190425,1,,
FH,28,6,20190322,FH-28-06-20190322,6,,
FH,28,6,20190407,FH-28-06-20190407,9,,
FH,28,6,20190425,FH-28-06-20190425,7,,
FH,32,5,20180131,FH-32-05-20180131,8,,
FH,32,5,20180219,FH-32-05-20180219,68,,
FH,32,5,20180309,FH-32-05-20180309,100,,
FH,32,6,20180131,FH-32-06-20180131,9,,
FH,32,6,20180219,FH-32-06-20180219,49,,
FH,32,6,20180309,FH-32-06-20180309,91,,
FH,32,6,20190214,FH-32-06-20190214,13,,
FH,33,5,20190528,FH-33-05-20190528,20,,
FH,33,6,20190418,FH-33-06-20190418,28,,
FH,37,5,20180529,FH-37-05-20180529,50,,
FH,37,5,20180706,FH-37-05-20180706,3,,
FH,37,6,20180529,FH-37-06-20180529,30,,
FH,42,5,20180419,FH-42-05-20180419,3,,
FH,42,5,20180506,FH-42-05-20180506,5,,
FH,42,6,20180419,FH-42-06-20180419,5,,
FH,42,6,20180506,FH-42-06-20180506,4,,
FH,42,5,20190525,FH-42-05-20190525,5,,
FH,42,6,20190525,FH-42-06-20190525,5,,
FH,43,5,20180206,FH-43-05-20180206,16,,
FH,43,5,20180221,FH-43-05-20180221,35,,
FH,43,5,20180314,FH-43-05-20180314,37,,
FH,43,5,20180328,FH-43-05-20180328,25,,
FH,43,6,20180206,FH-43-06-20180206,6,,
FH,43,6,20180221,FH-43-06-20180221,37,,
FH,43,6,20180314,FH-43-06-20180314,33,,
FH,43,6,20180328,FH-43-06-20180328,27,,
FH,45,5,20180327,FH-45-05-20180327,7,,
FH,45,5,20180411,FH-45-05-20180411,122,,
FH,45,5,20180425,FH-45-05-20180425,25,,
FH,45,6,20180327,FH-45-06-20180327,7,,
FH,45,6,20180411,FH-45-06-20180411,142,,
FH,45,6,20180425,FH-45-06-20180425,30,,
FH,45,6,20190131,FH-45-06-20190131,1,,
FH,46,5,20180404,FH-46-05-20180404,138,,
FH,46,5,20180418,FH-46-05-20180418,100,,
FH,46,5,20180502,FH-46-05-20180502,62,,
FH,46,5,20180516,FH-46-05-20180516,36,,
FH,46,6,20180404,FH-46-06-20180404,108,,
FH,46,6,20180418,FH-46-06-20180418,100,,
FH,46,6,20180502,FH-46-06-20180502,110,,
FH,46,6,20180516,FH-46-06-20180516,26,,
FH,46,5,20190410,FH-46-05-20190410,100,,
FH,46,5,20190424,FH-46-05-20190424,87,,
FH,46,5,20190508,FH-46-05-20190508,50,,
FH,46,5,20190522,FH-46-05-20190522,20,,
FH,46,6,20190410,FH-46-06-20190410,100,,
FH,46,6,20190424,FH-46-06-20190424,54,,
FH,46,6,20190508,FH-46-06-20190508,48,,
FH,46,6,20190522,FH-46-06-20190522,11,,
FH,48,9,20180618,FH-48-09-20180618,12,,
FH,48,11,20180618,FH-48-11-20180618,17,,
FH,49,5,20180409,FH-49-05-20180409,113,,
FH,49,5,20180507,FH-49-05-20180507,2,,
FH,49,6,20180409,FH-49-06-20180409,119,,
FH,49,6,20180507,FH-49-06-20180507,1,,
FH,49,6,20181025,FH-49-06-20181025,10,,
FH,49,6,20181101,FH-49-06-20181101,13,,True
FH,49,6,20181108,FH-49-06-20181108,10,,
FH,49,6,20181122,FH-49-06-20181122,12,,
FH,49,5,20190405,FH-49-05-20190405,4,,
FH,49,5,20190417,FH-49-05-20190417,16,,
FH,49,5,20190507,FH-49-05-20190507,6,,
FH,49,5,20190521,FH-49-05-20190521,6,,
FH,49,6,20190320,FH-49-06-20190320,10,,
FH,49,6,20190405,FH-49-06-20190405,19,,
FH,49,6,20190417,FH-49-06-20190417,19,,
FH,49,6,20190507,FH-49-06-20190507,2,,
FH,49,6,20190521,FH-49-06-20190521,2,,
FH,52,7,20180417,FH-52-07-20180417,1,,
FH,52,7,20180502,FH-52-07-20180502,4,,
FH,52,8,20180417,FH-52-08-20180417,3,,
FH,52,8,20180502,FH-52-08-20180502,17,,
FH,52,7,20190322,FH-52-07-20190322,2,,
FH,52,7,20190402,FH-52-07-20190402,40,,
FH,52,7,20190417,FH-52-07-20190417,75,,
FH,52,7,20190426,FH-52-07-20190426,12,,
FH,52,8,20190322,FH-52-08-20190322,2,,
FH,52,8,20190402,FH-52-08-20190402,15,,
FH,52,8,20190417,FH-52-08-20190417,40,,
FH,52,8,20190426,FH-52-08-20190426,25,,
FH,53,5,20180413,FH-53-05-20180413,3,,
FH,53,5,20180420,FH-53-05-20180420,25,,
FH,53,5,20180504,FH-53-05-20180504,12,,
FH,53,6,20180413,FH-53-06-20180413,9,,
FH,53,6,20180420,FH-53-06-20180420,65,,
FH,53,6,20180504,FH-53-06-20180504,13,,
FH,53,5,20190405,FH-53-05-20190405,26,,
FH,53,5,20190417,FH-53-05-20190417,102,,
FH,53,5,20190426,FH-53-05-20190426,38,,
FH,53,6,20190405,FH-53-06-20190405,28,,
FH,53,6,20190417,FH-53-06-20190417,112,,
FH,53,6,20190426,FH-53-06-20190426,24,,
FH,54,5,20180115,FH-54-05-20180115,14,,
FH,54,5,20180314,FH-54-05-20180314,100,,
FH,54,5,20180328,FH-54-05-20180328,100,,
FH,54,5,20180412,FH-54-05-20180412,100,,
FH,54,5,20180427,FH-54-05-20180427,19,,
FH,54,6,20180115,FH-54-06-20180115,12,,
FH,54,6,20180314,FH-54-06-20180314,100,,
FH,54,6,20180328,FH-54-06-20180328,100,,
FH,54,6,20180412,FH-54-06-20180412,100,,
FH,54,6,20180427,FH-54-06-20180427,15,,
FH,55,5,20180312,FH-55-05-20180312,1,,
FH,55,5,20180326,FH-55-05-20180326,2,,
FH,55,5,20180412,FH-55-05-20180412,20,,
FH,55,6,20180222,FH-55-06-20180222,4,,
FH,55,6,20180312,FH-55-06-20180312,13,,
FH,55,6,20180326,FH-55-06-20180326,17,,
FH,55,6,20180412,FH-55-06-20180412,80,,
FH,55,5,20190405,FH-55-05-20190405,1,,
FH,55,5,20190421,FH-55-05-20190421,9,,
FH,55,5,20190506,FH-55-05-20190506,16,,
FH,55,5,20190521,FH-55-05-20190521,18,,
FH,55,6,20190405,FH-55-06-20190405,1,,
FH,55,6,20190421,FH-55-06-20190421,5,,
FH,55,6,20190506,FH-55-06-20190506,7,,
FH,55,6,20190521,FH-55-06-20190521,21,,
FH,57,7,20180411,FH-57-07-20180411,8,,
FH,57,7,20180425,FH-57-07-20180425,14,,
FH,57,7,20180508,FH-57-07-20180508,17,,
FH,57,7,20180523,FH-57-07-20180523,9,,
FH,57,7,20180606,FH-57-07-20180606,2,,
FH,57,7,20180919,FH-57-07-20180919,31,,
FH,57,7,20181003,FH-57-07-20181003,26,,
FH,57,7,20181015,FH-57-07-20181015,28,,
FH,57,7,20181030,FH-57-07-20181030,18,,
FH,57,7,20181114,FH-57-07-20181114,5,,
FH,57,7,20181128,FH-57-07-20181128,8,,
FH,57,7,20181211,FH-57-07-20181211,7,,
FH,57,9,20180328,FH-57-09-20180328,1,,
FH,57,9,20180411,FH-57-09-20180411,53,,
FH,57,9,20180425,FH-57-09-20180425,29,,
FH,57,9,20180508,FH-57-09-20180508,21,,
FH,57,9,20180523,FH-57-09-20180523,27,,
FH,57,9,20180919,FH-57-09-20180919,27,,
FH,57,9,20181003,FH-57-09-20181003,23,,
FH,57,9,20181015,FH-57-09-20181015,9,,
FH,57,9,20181030,FH-57-09-20181030,6,,
FH,57,7,20190116,FH-57-07-20190116,7,,
FH,57,7,20190313,FH-57-07-20190313,12,,
FH,57,7,20190327,FH-57-07-20190327,44,,
FH,57,7,20190410,FH-57-07-20190410,105,,
FH,57,7,20190424,FH-57-07-20190424,21,,
FH,57,7,20190508,FH-57-07-20190508,6,,
FH,57,7,20190523,FH-57-07-20190523,12,,
FH,57,7,20190605,FH-57-07-20190605,7,,
FH,57,9,20190116,FH-57-09-20190116,5,,
FH,57,9,20190227,FH-57-09-20190227,3,,
FH,57,9,20190313,FH-57-09-20190313,8,,
FH,57,9,20190327,FH-57-09-20190327,48,,
FH,57,9,20190410,FH-57-09-20190410,76,,
FH,57,9,20190424,FH-57-09-20190424,31,,
FH,57,9,20190508,FH-57-09-20190508,9,,
FH,57,9,20190523,FH-57-09-20190523,17,,
FH,57,9,20190605,FH-57-09-20190605,12,,
FH,58,5,20190607,FH-58-05-20190607,6,,
FH,58,6,20190607,FH-58-06-20190607,2,,
FH,60,5,20180216,FH-60-05-20180216,10,,
FH,60,5,20180420,FH-60-05-20180420,7,,
FH,60,6,20180216,FH-60-06-20180216,10,,
FH,60,6,20180420,FH-60-06-20180420,6,,
FH,1,11,20180409,FH-01-11-20180409,26,,
FH,1,11,20180423,FH-01-11-20180423,88,,
FH,1,11,20180507,FH-01-11-20180507,63,,
FH,1,11,20180518,FH-01-11-20180518,47,,
FH,1,12,20180409,FH-01-12-20180409,29,,
FH,1,12,20180423,FH-01-12-20180423,100,,
FH,1,12,20180507,FH-01-12-20180507,81,,
FH,1,12,20180518,FH-01-12-20180518,33,,
FH,1,11,20190401,FH-01-11-20190401,15,,
FH,1,11,20190415,FH-01-11-20190415,52,,
FH,1,11,20190429,FH-01-11-20190429,21,,
FH,1,11,20190513,FH-01-11-20190513,26,,
FH,1,11,20190528,FH-01-11-20190528,23,,
FH,1,12,20190401,FH-01-12-20190401,6,,
FH,1,12,20190415,FH-01-12-20190415,18,,
FH,1,12,20190429,FH-01-12-20190429,16,,
FH,1,12,20190513,FH-01-12-20190513,16,,
FH,1,12,20190528,FH-01-12-20190528,11,,
FH,4,11,20180306,FH-04-11-20180306,100,,
FH,4,11,20180321,FH-04-11-20180321,100,,
FH,4,12,20180306,FH-04-12-20180306,100,,
FH,4,12,20180321,FH-04-12-20180321,100,,
FH,4,11,20190208,FH-04-11-20190208,20,,
FH,4,11,20190221,FH-04-11-20190221,38,,
FH,4,12,20190208,FH-04-12-20190208,20,,
FH,4,12,20190221,FH-04-12-20190221,32,,
FH,5,11,20180411,FH-05-11-20180411,101,,
FH,5,11,20180426,FH-05-11-20180426,101,,
FH,5,12,20180411,FH-05-12-20180411,101,,
FH,5,12,20180426,FH-05-12-20180426,101,,
FH,5,11,20190312,FH-05-11-20190312,90,,
FH,5,12,20190312,FH-05-12-20190312,100,,
FH,6,11,20180328,FH-06-11-20180328,88,,
FH,6,11,20180412,FH-06-11-20180412,100,,
FH,6,11,20180425,FH-06-11-20180425,31,,
FH,6,12,20180328,FH-06-12-20180328,100,,
FH,6,12,20180412,FH-06-12-20180412,100,,
FH,6,12,20180425,FH-06-12-20180425,29,,
FH,6,11,20190212,FH-06-11-20190212,29,,
FH,6,11,20190226,FH-06-11-20190226,5,,
FH,6,12,20190212,FH-06-12-20190212,50,,
FH,6,12,20190226,FH-06-12-20190226,7,,
FH,9,11,20180420,FH-09-11-20180420,3,,
FH,9,11,20180504,FH-09-11-20180504,88,,
FH,9,11,20180518,FH-09-11-20180518,7,,
FH,9,11,20180531,FH-09-11-20180531,6,,
FH,9,12,20180504,FH-09-12-20180504,68,,
FH,9,12,20180518,FH-09-12-20180518,20,,
FH,9,12,20180531,FH-09-12-20180531,6,,
FH,9,11,20190604,FH-09-11-20190604,1,,
FH,9,12,20190604,FH-09-12-20190604,4,,
FH,10,11,20180130,FH-10-11-20180130,3,,
FH,10,11,20180215,FH-10-11-20180215,7,True,
FH,10,11,20180301,FH-10-11-20180301,5,,
FH,10,12,20180130,FH-10-12-20180130,6,,
FH,10,12,20180215,FH-10-12-20180215,7,,
FH,10,12,20180301,FH-10-12-20180301,8,,
FH,11,11,20180430,FH-11-11-20180430,4,,
FH,11,11,20180515,FH-11-11-20180515,6,,
FH,11,12,20180430,FH-11-12-20180430,1,,
FH,11,12,20180515,FH-11-12-20180515,4,,
FH,11,12,20190508,FH-11-12-20190508,3,,
FH,12,12,20180427,FH-12-12-20180427,24,,
FH,12,12,20180511,FH-12-12-20180511,10,,
FH,12,12,20180525,FH-12-12-20180525,17,,
FH,12,12,20180606,FH-12-12-20180606,13,,
FH,12,12,20190412,FH-12-12-20190412,26,,
FH,12,12,20190430,FH-12-12-20190430,22,,
FH,12,12,20190514,FH-12-12-20190514,19,,
FH,13,11,20180405,FH-13-11-20180405,1,,
FH,13,11,20181103,FH-13-11-20181103,1,,
FH,13,11,20181128,FH-13-11-20181128,1,,
FH,13,12,20180321,FH-13-12-20180321,2,,
FH,13,12,20181103,FH-13-12-20181103,5,,
FH,13,12,20181128,FH-13-12-20181128,2,,
FH,13,11,20190107,FH-13-11-20190107,1,,
FH,13,11,20190122,FH-13-11-20190122,1,,
FH,13,11,20190208,FH-13-11-20190208,1,,
FH,13,12,20190122,FH-13-12-20190122,5,,
FH,13,12,20190208,FH-13-12-20190208,1,,
FH,13,12,20190222,FH-13-12-20190222,1,,
FH,23,11,20180522,FH-23-11-20180522,83,,
FH,23,11,20180531,FH-23-11-20180531,78,,
FH,23,11,20180609,FH-23-11-20180609,100,,
FH,23,12,20180522,FH-23-12-20180522,27,,
FH,23,12,20180531,FH-23-12-20180531,100,,
FH,23,12,20180609,FH-23-12-20180609,100,,
FH,24,6,20190705,FH-24-06-20190705,1,True,
FH,25,11,20180418,FH-25-11-20180418,11,,
FH,25,11,20180502,FH-25-11-20180502,10,,
FH,25,11,20180527,FH-25-11-20180527,58,,
FH,25,12,20180418,FH-25-12-20180418,31,,
FH,25,12,20180502,FH-25-12-20180502,10,,
FH,25,12,20180527,FH-25-12-20180527,100,,
FH,25,11,20190403,FH-25-11-20190403,13,,
FH,25,11,20190421,FH-25-11-20190421,13,,
FH,25,11,20190508,FH-25-11-20190508,6,,
FH,25,11,20190523,FH-25-11-20190523,5,,
FH,25,12,20190403,FH-25-12-20190403,6,,
FH,25,12,20190421,FH-25-12-20190421,7,,
FH,25,12,20190508,FH-25-12-20190508,6,,
FH,25,12,20190523,FH-25-12-20190523,4,,
FH,25,12,20190926,FH-25-12-20190926,5,,
FH,26,11,20180304,FH-26-11-20180304,19,,
FH,26,12,20180304,FH-26-12-20180304,5,,
FH,27,4,20190427,FH-27-04-20190427,4,,
FH,27,9,20190427,FH-27-09-20190427,2,,
FH,28,11,20180309,FH-28-11-20180309,69,,
FH,28,11,20180325,FH-28-11-20180325,101,,
FH,28,11,20180408,FH-28-11-20180408,56,,
FH,28,11,20180422,FH-28-11-20180422,25,,
FH,28,12,20180309,FH-28-12-20180309,167,,
FH,28,12,20180325,FH-28-12-20180325,101,,
FH,28,12,20180408,FH-28-12-20180408,102,,
FH,28,12,20180422,FH-28-12-20180422,22,,
FH,28,11,20190322,FH-28-11-20190322,2,,
FH,28,11,20190407,FH-28-11-20190407,2,,
FH,28,12,20190308,FH-28-12-20190308,3,,
FH,28,12,20190322,FH-28-12-20190322,23,,
FH,28,12,20190407,FH-28-12-20190407,15,,
FH,32,11,20180131,FH-32-11-20180131,3,,
FH,32,11,20180219,FH-32-11-20180219,38,,
FH,32,11,20180309,FH-32-11-20180309,56,,
FH,32,12,20180131,FH-32-12-20180131,4,,
FH,32,12,20180219,FH-32-12-20180219,28,,
FH,32,12,20180309,FH-32-12-20180309,48,,
FH,37,11,20180529,FH-37-11-20180529,17,,
FH,37,11,20180706,FH-37-11-20180706,9,,
FH,37,12,20180529,FH-37-12-20180529,12,,
FH,37,12,20180706,FH-37-12-20180706,5,,
FH,42,11,20180419,FH-42-11-20180419,15,,
FH,42,11,20180506,FH-42-11-20180506,8,,
FH,42,12,20180419,FH-42-12-20180419,3,,
FH,42,12,20180506,FH-42-12-20180506,9,,
FH,42,11,20190525,FH-42-11-20190525,2,,
FH,43,11,20180206,FH-43-11-20180206,14,,
FH,43,11,20180221,FH-43-11-20180221,31,,
FH,43,11,20180314,FH-43-11-20180314,25,,
FH,43,11,20180328,FH-43-11-20180328,21,,
FH,43,12,20180206,FH-43-12-20180206,13,,
FH,43,12,20180221,FH-43-12-20180221,23,,
FH,43,12,20180314,FH-43-12-20180314,23,,
FH,43,12,20180328,FH-43-12-20180328,22,,
FH,45,11,20180327,FH-45-11-20180327,7,,
FH,45,11,20180411,FH-45-11-20180411,150,,
FH,45,11,20180425,FH-45-11-20180425,11,,
FH,45,12,20180411,FH-45-12-20180411,128,,
FH,45,12,20180425,FH-45-12-20180425,12,,
FH,45,12,20190215,FH-45-12-20190215,10,,
FH,45,12,20190304,FH-45-12-20190304,23,,
FH,46,11,20180404,FH-46-11-20180404,88,,
FH,46,11,20180418,FH-46-11-20180418,100,,
FH,46,11,20180502,FH-46-11-20180502,103,,
FH,46,11,20180516,FH-46-11-20180516,23,,
FH,46,12,20180404,FH-46-12-20180404,52,,
FH,46,12,20180418,FH-46-12-20180418,100,,
FH,46,12,20180502,FH-46-12-20180502,67,,
FH,46,12,20180516,FH-46-12-20180516,20,,
FH,46,11,20190410,FH-46-11-20190410,100,,
FH,46,11,20190424,FH-46-11-20190424,13,,
FH,46,11,20190508,FH-46-11-20190508,12,,
FH,46,11,20190522,FH-46-11-20190522,5,,
FH,46,12,20190410,FH-46-12-20190410,100,,
FH,46,12,20190424,FH-46-12-20190424,7,,
FH,46,12,20190508,FH-46-12-20190508,5,,
FH,46,12,20190522,FH-46-12-20190522,5,,
FH,49,11,20180409,FH-49-11-20180409,112,,
FH,49,12,20180409,FH-49-12-20180409,104,,
FH,49,12,20180423,FH-49-12-20180423,11,,
FH,49,12,20180507,FH-49-12-20180507,3,,
FH,49,11,20190405,FH-49-11-20190405,3,,
FH,49,11,20190417,FH-49-11-20190417,8,,
FH,49,11,20190507,FH-49-11-20190507,2,,
FH,49,11,20190521,FH-49-11-20190521,4,,
FH,49,12,20190405,FH-49-12-20190405,11,,
FH,49,12,20190417,FH-49-12-20190417,23,,
FH,49,12,20190507,FH-49-12-20190507,1,,
FH,49,12,20190521,FH-49-12-20190521,5,,
FH,52,1,20190322,FH-52-01-20190322,5,,
FH,52,1,20190402,FH-52-01-20190402,1,,
FH,52,1,20190417,FH-52-01-20190417,5,,
FH,52,1,20190426,FH-52-01-20190426,8,,
FH,52,5,20190322,FH-52-05-20190322,2,,
FH,52,5,20190402,FH-52-05-20190402,3,,
FH,52,5,20190417,FH-52-05-20190417,5,,
FH,52,5,20190426,FH-52-05-20190426,3,,
FH,53,12,20180504,FH-53-12-20180504,1,,
FH,53,10,20190405,FH-53-10-20190405,2,,
FH,53,10,20190417,FH-53-10-20190417,6,,
FH,53,10,20190426,FH-53-10-20190426,5,,
FH,53,12,20190417,FH-53-12-20190417,2,,
FH,53,12,20190426,FH-53-12-20190426,13,,
FH,54,11,20180115,FH-54-11-20180115,11,,
FH,54,11,20180314,FH-54-11-20180314,70,,
FH,54,11,20180328,FH-54-11-20180328,100,,
FH,54,11,20180412,FH-54-11-20180412,100,,
FH,54,11,20180427,FH-54-11-20180427,27,,
FH,54,12,20180115,FH-54-12-20180115,10,,
FH,54,12,20180314,FH-54-12-20180314,70,,
FH,54,12,20180328,FH-54-12-20180328,90,,
FH,54,12,20180412,FH-54-12-20180412,100,,
FH,54,12,20180427,FH-54-12-20180427,39,,
FH,55,11,20180412,FH-55-11-20180412,3,,
FH,55,12,20180222,FH-55-12-20180222,1,,
FH,55,12,20180312,FH-55-12-20180312,2,,
FH,55,12,20180326,FH-55-12-20180326,3,,
FH,55,12,20180412,FH-55-12-20180412,37,,
FH,55,12,20190421,FH-55-12-20190421,2,,
FH,55,12,20190506,FH-55-12-20190506,6,,
FH,55,12,20190521,FH-55-12-20190521,7,,
FH,57,16,20180328,FH-57-16-20180328,1,,
FH,57,16,20180411,FH-57-16-20180411,40,,
FH,57,16,20180425,FH-57-16-20180425,48,,
FH,57,16,20180508,FH-57-16-20180508,16,,
FH,57,16,20180523,FH-57-16-20180523,13,,
FH,57,16,20180905,FH-57-16-20180905,16,,
FH,57,16,20180919,FH-57-16-20180919,48,,
FH,57,16,20181003,FH-57-16-20181003,50,,
FH,57,16,20181015,FH-57-16-20181015,34,,
FH,57,16,20181030,FH-57-16-20181030,25,,
FH,57,16,20181114,FH-57-16-20181114,3,,
FH,57,16,20181128,FH-57-16-20181128,6,,
FH,57,18,20180328,FH-57-18-20180328,3,,
FH,57,18,20180411,FH-57-18-20180411,96,,
FH,57,18,20180425,FH-57-18-20180425,19,,
FH,57,18,20180523,FH-57-18-20180523,16,,
FH,57,18,20180919,FH-57-18-20180919,36,,
FH,57,18,20181003,FH-57-18-20181003,61,,
FH,57,18,20181015,FH-57-18-20181015,27,,
FH,57,18,20181030,FH-57-18-20181030,13,,
FH,57,16,20190116,FH-57-16-20190116,3,,
FH,57,16,20190313,FH-57-16-20190313,9,,
FH,57,16,20190327,FH-57-16-20190327,21,,
FH,57,16,20190410,FH-57-16-20190410,114,,
FH,57,16,20190424,FH-57-16-20190424,40,,
FH,57,16,20190508,FH-57-16-20190508,11,,
FH,57,16,20190523,FH-57-16-20190523,24,,
FH,57,16,20190605,FH-57-16-20190605,7,,
FH,57,18,20190116,FH-57-18-20190116,3,,
FH,57,18,20190327,FH-57-18-20190327,25,,
FH,57,18,20190410,FH-57-18-20190410,32,,
FH,57,18,20190424,FH-57-18-20190424,20,,
FH,57,18,20190508,FH-57-18-20190508,3,,
FH,57,18,20190523,FH-57-18-20190523,3,,
FH,57,18,20190605,FH-57-18-20190605,2,,
FH,58,11,20190607,FH-58-11-20190607,9,,
FH,58,12,20190607,FH-58-12-20190607,20,,
FH,60,11,20180216,FH-60-11-20180216,15,,
FH,60,11,20180420,FH-60-11-20180420,5,,
FH,60,12,20180216,FH-60-12-20180216,10,,
FH,60,12,20180420,FH-60-12-20180420,10,,
FH,24,11,20190706,FH-24-11-20190706,1,,
FH,43,5,20190228,FH-43-05-20190228,17,,
FH,43,5,20190314,FH-43-05-20190314,31,,
FH,43,5,20190328,FH-43-05-20190328,11,,
FH,43,6,20190228,FH-43-06-20190228,2,,
FH,43,6,20190314,FH-43-06-20190314,31,,
FH,43,6,20190328,FH-43-06-20190328,20,,
FH,43,7,20190228,FH-43-07-20190228,23,,
FH,43,7,20190314,FH-43-07-20190314,30,,
FH,43,7,20190328,FH-43-07-20190328,10,,
FH,43,8,20190228,FH-43-08-20190228,14,,
FH,43,8,20190314,FH-43-08-20190314,19,,
FH,43,8,20190328,FH-43-08-20190328,2,,
FH,43,9,20190314,FH-43-09-20190314,11,,
FH,43,9,20190328,FH-43-09-20190328,7,,
FH,43,10,20190228,FH-43-10-20190228,5,,
FH,43,10,20190314,FH-43-10-20190314,23,,
FH,43,10,20190328,FH-43-10-20190328,3,,
FH,43,11,20190228,FH-43-11-20190228,9,,
FH,43,11,20190314,FH-43-11-20190314,32,,
FH,43,11,20190328,FH-43-11-20190328,11,,
FH,43,12,20190314,FH-43-12-20190314,15,,
FH,43,12,20190328,FH-43-12-20190328,18,,
FH,9,1,20200606,FH-09-01-20200606,1,,
FH,9,2,20200411,FH-09-02-20200411,8,,
FH,9,2,20200425,FH-09-02-20200425,11,,
FH,9,2,20200509,FH-09-02-20200509,13,,
FH,9,2,20200523,FH-09-02-20200523,1,,
FH,10,2,20200210,FH-10-02-20200210,1,,
FH,10,2,20200225,FH-10-02-20200225,1,,
FH,10,2,20200311,FH-10-02-20200311,1,,
FH,10,10,20200211,FH-10-10-20200211,3,,
FH,10,10,20200225,FH-10-10-20200225,4,,
FH,10,10,20200311,FH-10-10-20200311,3,,
FH,11,1,20200402,FH-11-01-20200402,23,,
FH,11,1,20200417,FH-11-01-20200417,18,,
FH,11,1,20200501,FH-11-01-20200501,17,,
FH,11,1,20200513,FH-11-01-20200513,3,,
FH,11,3,20200402,FH-11-03-20200402,1,,
FH,11,3,20200417,FH-11-03-20200417,1,,
FH,11,3,20200501,FH-11-03-20200501,2,,
FH,11,3,20200513,FH-11-03-20200513,1,,
FH,13,1,20200205,FH-13-01-20200205,4,,
FH,13,1,20200221,FH-13-01-20200221,5,,
FH,13,1,20200312,FH-13-01-20200312,4,,
FH,13,1,20200326,FH-13-01-20200326,1,,
FH,13,1,20200409,FH-13-01-20200409,3,,
FH,13,2,20200205,FH-13-02-20200205,7,,
FH,13,2,20200221,FH-13-02-20200221,13,,
FH,13,2,20200312,FH-13-02-20200312,13,,
FH,13,2,20200326,FH-13-02-20200326,20,,
FH,13,2,20200409,FH-13-02-20200409,6,,
FH,28,1,20200130,FH-28-01-20200130,2,,
FH,28,1,20200214,FH-28-01-20200214,2,,
FH,28,2,20200116,FH-28-02-20200116,1,,
FH,28,2,20200130,FH-28-02-20200130,1,,
FH,28,2,20200302,FH-28-02-20200302,4,,
FH,48,1,20200508,FH-48-01-20200508,4,,
FH,48,2,20200429,FH-48-02-20200429,28,,
FH,48,2,20200508,FH-48-02-20200508,12,,
FH,9,3,20200411,FH-09-03-20200411,12,,
FH,9,3,20200425,FH-09-03-20200425,15,,
FH,9,3,20200509,FH-09-03-20200509,19,,
FH,9,3,20200523,FH-09-03-20200523,4,,
FH,9,3,20200606,FH-09-03-20200606,2,,
FH,9,4,20200425,FH-09-04-20200425,16,,
FH,9,4,20200509,FH-09-04-20200509,14,,
FH,9,4,20200523,FH-09-04-20200523,4,,
FH,9,4,20200606,FH-09-04-20200606,2,,
FH,11,5,20200402,FH-11-05-20200402,1,,
FH,11,6,20200417,FH-11-06-20200417,2,,
FH,1,9,20180409,FH-01-09-20180409,56,,
FH,1,9,20180423,FH-01-09-20180423,93,,
FH,1,9,20180507,FH-01-09-20180507,40,,
FH,1,9,20180518,FH-01-09-20180518,26,,
FH,1,10,20180409,FH-01-10-20180409,22,,
FH,1,10,20180423,FH-01-10-20180423,100,,
FH,1,10,20180507,FH-01-10-20180507,85,,
FH,1,10,20180518,FH-01-10-20180518,56,,
FH,1,9,20190220,FH-01-09-20190220,1,,
FH,1,9,20190401,FH-01-09-20190401,2,,
FH,1,9,20190415,FH-01-09-20190415,24,,
FH,1,9,20190429,FH-01-09-20190429,17,,
FH,1,9,20190513,FH-01-09-20190513,16,,
FH,1,9,20190528,FH-01-09-20190528,8,,
FH,1,10,20190415,FH-01-10-20190415,29,,
FH,1,10,20190429,FH-01-10-20190429,37,,
FH,1,10,20190513,FH-01-10-20190513,31,,
FH,1,10,20190528,FH-01-10-20190528,36,,
FH,2,12,20180405,FH-02-12-20180405,12,,
FH,2,12,20180420,FH-02-12-20180420,31,,
FH,4,9,20180306,FH-04-09-20180306,100,,
FH,4,9,20180321,FH-04-09-20180321,100,,
FH,4,10,20180306,FH-04-10-20180306,100,,
FH,4,10,20180321,FH-04-10-20180321,100,,
FH,4,9,20190208,FH-04-09-20190208,15,,
FH,4,9,20190221,FH-04-09-20190221,45,,
FH,4,10,20190208,FH-04-10-20190208,20,,
FH,4,10,20190221,FH-04-10-20190221,43,,
FH,5,9,20180411,FH-05-09-20180411,101,,
FH,5,9,20180426,FH-05-09-20180426,101,,
FH,5,10,20180411,FH-05-10-20180411,101,,
FH,5,10,20180426,FH-05-10-20180426,101,,
FH,5,9,20190312,FH-05-09-20190312,45,,
FH,5,10,20190312,FH-05-10-20190312,45,,
FH,6,9,20180328,FH-06-09-20180328,94,,
FH,6,9,20180412,FH-06-09-20180412,100,,
FH,6,9,20180425,FH-06-09-20180425,36,,
FH,6,10,20180328,FH-06-10-20180328,80,,
FH,6,10,20180412,FH-06-10-20180412,100,,
FH,6,10,20180425,FH-06-10-20180425,36,,
FH,6,9,20190212,FH-06-09-20190212,50,,
FH,6,9,20190226,FH-06-09-20190226,6,,
FH,6,10,20190212,FH-06-10-20190212,50,,
FH,6,10,20190226,FH-06-10-20190226,6,,
FH,9,9,20180420,FH-09-09-20180420,5,,
FH,9,9,20180504,FH-09-09-20180504,104,,
FH,9,9,20180518,FH-09-09-20180518,8,,
FH,9,9,20180531,FH-09-09-20180531,2,,
FH,9,10,20180420,FH-09-10-20180420,5,,
FH,9,10,20180504,FH-09-10-20180504,135,,
FH,9,10,20180518,FH-09-10-20180518,24,,
FH,9,10,20180531,FH-09-10-20180531,5,,
FH,9,9,20190604,FH-09-09-20190604,1,,
FH,10,9,20180215,FH-10-09-20180215,4,,
FH,10,9,20180301,FH-10-09-20180301,3,,
FH,10,10,20180130,FH-10-10-20180130,5,,
FH,10,10,20180215,FH-10-10-20180215,10,,
FH,10,10,20180301,FH-10-10-20180301,1,,
FH,10,9,20190206,FH-10-09-20190206,2,,
FH,10,9,20190308,FH-10-09-20190308,2,,
FH,10,9,20190322,FH-10-09-20190322,3,,
FH,11,9,20180515,FH-11-09-20180515,5,,
FH,11,10,20180430,FH-11-10-20180430,6,,
FH,12,10,20180427,FH-12-10-20180427,18,,
FH,12,10,20180511,FH-12-10-20180511,7,,
FH,12,10,20180525,FH-12-10-20180525,8,,
FH,12,10,20180606,FH-12-10-20180606,2,,
FH,12,11,20180427,FH-12-11-20180427,33,,
FH,12,11,20180511,FH-12-11-20180511,3,,
FH,12,11,20180525,FH-12-11-20180525,10,,
FH,12,11,20180606,FH-12-11-20180606,3,,
FH,12,10,20190412,FH-12-10-20190412,10,,
FH,12,10,20190430,FH-12-10-20190430,19,,
FH,12,10,20190514,FH-12-10-20190514,10,,
FH,12,11,20190412,FH-12-11-20190412,6,,
FH,12,11,20190430,FH-12-11-20190430,10,,
FH,12,11,20190514,FH-12-11-20190514,9,,
FH,13,9,20180307,FH-13-09-20180307,1,,
FH,13,9,20180405,FH-13-09-20180405,1,,
FH,13,9,20181103,FH-13-09-20181103,12,,
FH,13,9,20181128,FH-13-09-20181128,7,,
FH,13,10,20180307,FH-13-10-20180307,1,,
FH,13,10,20180405,FH-13-10-20180405,2,,
FH,13,10,20181103,FH-13-10-20181103,9,,
FH,13,10,20181128,FH-13-10-20181128,3,,
FH,13,9,20190107,FH-13-09-20190107,13,,
FH,13,9,20190122,FH-13-09-20190122,11,,
FH,13,9,20190208,FH-13-09-20190208,9,,
FH,13,9,20190222,FH-13-09-20190222,15,,
FH,13,9,20190308,FH-13-09-20190308,19,,
FH,13,9,20190322,FH-13-09-20190322,5,,
FH,13,10,20190107,FH-13-10-20190107,4,,
FH,13,10,20190122,FH-13-10-20190122,6,,
FH,13,10,20190208,FH-13-10-20190208,4,,
FH,13,10,20190222,FH-13-10-20190222,8,,
FH,13,10,20190308,FH-13-10-20190308,9,,
FH,13,10,20190322,FH-13-10-20190322,2,,
FH,23,9,20180522,FH-23-09-20180522,53,,
FH,23,9,20180531,FH-23-09-20180531,62,,
FH,23,9,20180609,FH-23-09-20180609,100,,
FH,23,10,20180522,FH-23-10-20180522,81,,
FH,23,10,20180531,FH-23-10-20180531,65,,
FH,23,10,20180609,FH-23-10-20180609,100,,
FH,24,11,20180521,FH-24-11-20180521,15,,
FH,24,11,20180617,FH-24-11-20180617,12,,
FH,24,11,20180729,FH-24-11-20180729,11,,
FH,24,12,20180521,FH-24-12-20180521,26,,
FH,24,12,20180617,FH-24-12-20180617,25,,
FH,24,12,20180729,FH-24-12-20180729,18,,
FH,24,12,20180813,FH-24-12-20180813,6,,
FH,24,11,20190816,FH-24-11-20190816,3,,
FH,24,12,20190816,FH-24-12-20190816,1,,
FH,25,9,20180418,FH-25-09-20180418,41,,
FH,25,9,20180502,FH-25-09-20180502,10,,
FH,25,9,20180527,FH-25-09-20180527,42,,
FH,25,9,20180609,FH-25-09-20180609,52,,
FH,25,10,20180418,FH-25-10-20180418,45,,
FH,25,10,20180527,FH-25-10-20180527,100,,
FH,25,9,20190403,FH-25-09-20190403,14,,
FH,25,9,20190421,FH-25-09-20190421,14,,
FH,25,9,20190508,FH-25-09-20190508,7,,
FH,25,9,20190523,FH-25-09-20190523,7,,
FH,25,10,20190403,FH-25-10-20190403,11,,
FH,25,10,20190421,FH-25-10-20190421,16,,
FH,25,10,20190508,FH-25-10-20190508,10,,
FH,25,10,20190523,FH-25-10-20190523,10,,
FH,25,10,20190926,FH-25-10-20190926,8,,
FH,26,9,20180221,FH-26-09-20180221,2,,
FH,26,9,20180304,FH-26-09-20180304,18,,
FH,26,10,20180221,FH-26-10-20180221,18,,
FH,27,12,20180902,FH-27-12-20180902,1,,
FH,27,3,20190427,FH-27-03-20190427,1,,
FH,27,12,20190427,FH-27-12-20190427,4,,
FH,27,12,20190602,FH-27-12-20190602,2,,
FH,28,9,20180305,FH-28-09-20180305,66,,
FH,28,9,20180323,FH-28-09-20180323,71,,
FH,28,9,20180409,FH-28-09-20180409,61,,
FH,28,9,20180422,FH-28-09-20180422,46,,
FH,28,10,20180309,FH-28-10-20180309,100,,
FH,28,10,20180325,FH-28-10-20180325,100,,
FH,28,10,20180408,FH-28-10-20180408,81,,
FH,28,10,20180422,FH-28-10-20180422,15,,
FH,28,10,20181219,FH-28-10-20181219,2,,
FH,28,9,20190208,FH-28-09-20190208,5,,
FH,28,9,20190308,FH-28-09-20190308,2,,
FH,28,9,20190322,FH-28-09-20190322,5,,
FH,28,9,20190407,FH-28-09-20190407,7,,
FH,28,10,20190208,FH-28-10-20190208,4,,
FH,28,10,20190308,FH-28-10-20190308,1,,
FH,28,10,20190322,FH-28-10-20190322,4,,
FH,28,10,20190407,FH-28-10-20190407,2,,
FH,32,9,20180131,FH-32-09-20180131,4,,
FH,32,9,20180219,FH-32-09-20180219,22,,
FH,32,9,20180309,FH-32-09-20180309,100,,
FH,32,10,20180131,FH-32-10-20180131,7,,
FH,32,10,20180219,FH-32-10-20180219,40,,
FH,32,10,20180309,FH-32-10-20180309,59,,
FH,32,9,20190214,FH-32-09-20190214,4,,
FH,32,10,20190214,FH-32-10-20190214,4,,
FH,33,12,20190418,FH-33-12-20190418,43,,
FH,37,9,20180529,FH-37-09-20180529,5,,
FH,37,9,20180706,FH-37-09-20180706,4,,
FH,37,10,20180529,FH-37-10-20180529,10,,
FH,37,10,20180706,FH-37-10-20180706,3,,
FH,42,9,20180419,FH-42-09-20180419,150,,
FH,42,9,20180506,FH-42-09-20180506,4,,
FH,42,10,20180419,FH-42-10-20180419,139,,
FH,42,10,20180506,FH-42-10-20180506,3,,
FH,42,9,20190525,FH-42-09-20190525,5,,
FH,43,9,20180206,FH-43-09-20180206,11,,
FH,43,9,20180221,FH-43-09-20180221,39,,
FH,43,9,20180314,FH-43-09-20180314,32,,
FH,43,9,20180328,FH-43-09-20180328,24,,
FH,43,10,20180206,FH-43-10-20180206,17,,
FH,43,10,20180221,FH-43-10-20180221,28,,
FH,43,10,20180314,FH-43-10-20180314,23,,
FH,43,10,20180328,FH-43-10-20180328,33,,
FH,45,9,20180411,FH-45-09-20180411,74,,
FH,45,9,20180425,FH-45-09-20180425,11,,
FH,45,10,20180411,FH-45-10-20180411,120,,
FH,45,10,20180425,FH-45-10-20180425,12,,
FH,45,9,20190215,FH-45-09-20190215,4,,
FH,45,9,20190304,FH-45-09-20190304,7,,
FH,45,10,20190215,FH-45-10-20190215,6,,
FH,45,10,20190304,FH-45-10-20190304,19,,
FH,46,9,20180404,FH-46-09-20180404,100,,
FH,46,9,20180418,FH-46-09-20180418,100,,
FH,46,9,20180502,FH-46-09-20180502,91,,
FH,46,9,20180516,FH-46-09-20180516,35,,
FH,46,10,20180404,FH-46-10-20180404,99,,
FH,46,10,20180418,FH-46-10-20180418,100,,
FH,46,10,20180502,FH-46-10-20180502,93,,
FH,46,10,20180516,FH-46-10-20180516,27,,
FH,46,9,20190410,FH-46-09-20190410,100,,
FH,46,9,20190424,FH-46-09-20190424,48,,
FH,46,9,20190508,FH-46-09-20190508,33,,
FH,46,9,20190522,FH-46-09-20190522,19,,
FH,46,10,20190410,FH-46-10-20190410,100,,
FH,46,10,20190424,FH-46-10-20190424,42,,
FH,46,10,20190508,FH-46-10-20190508,30,,
FH,46,10,20190522,FH-46-10-20190522,26,,
FH,49,9,20180409,FH-49-09-20180409,98,,
FH,49,9,20180423,FH-49-09-20180423,22,,
FH,49,9,20180507,FH-49-09-20180507,8,,
FH,49,9,20181108,FH-49-09-20181108,2,,
FH,49,9,20181122,FH-49-09-20181122,2,,
FH,49,10,20180409,FH-49-10-20180409,91,,
FH,49,10,20180423,FH-49-10-20180423,19,,
FH,49,10,20180507,FH-49-10-20180507,4,,
FH,49,10,20181025,FH-49-10-20181025,25,,
FH,49,10,20181101,FH-49-10-20181101,26,,
FH,49,10,20181108,FH-49-10-20181108,29,,
FH,49,10,20181122,FH-49-10-20181122,24,,
FH,49,9,20190320,FH-49-09-20190320,5,,
FH,49,9,20190405,FH-49-09-20190405,17,,
FH,49,9,20190417,FH-49-09-20190417,18,,
FH,49,9,20190507,FH-49-09-20190507,7,,
FH,49,9,20190521,FH-49-09-20190521,7,,
FH,49,10,20190320,FH-49-10-20190320,28,,
FH,49,10,20190405,FH-49-10-20190405,78,,
FH,49,10,20190417,FH-49-10-20190417,99,,
FH,49,10,20190507,FH-49-10-20190507,14,,
FH,49,10,20190521,FH-49-10-20190521,16,,
FH,52,11,20180502,FH-52-11-20180502,12,,
FH,52,11,20180524,FH-52-11-20180524,1,,
FH,52,12,20180417,FH-52-12-20180417,2,,
FH,52,12,20180502,FH-52-12-20180502,12,,
FH,52,11,20190322,FH-52-11-20190322,16,,
FH,52,11,20190402,FH-52-11-20190402,50,,
FH,52,11,20190419,FH-52-11-20190419,80,,
FH,52,11,20190426,FH-52-11-20190426,26,,
FH,52,12,20190322,FH-52-12-20190322,16,,
FH,52,12,20190402,FH-52-12-20190402,20,,
FH,52,12,20190419,FH-52-12-20190419,80,,
FH,52,12,20190426,FH-52-12-20190426,27,,
FH,53,9,20180413,FH-53-09-20180413,15,,
FH,53,9,20180420,FH-53-09-20180420,94,,
FH,53,9,20180504,FH-53-09-20180504,23,,
FH,53,11,20180413,FH-53-11-20180413,22,,
FH,53,11,20180420,FH-53-11-20180420,96,,
FH,53,11,20180504,FH-53-11-20180504,10,,
FH,53,9,20190405,FH-53-09-20190405,66,,
FH,53,9,20190417,FH-53-09-20190417,110,,
FH,53,9,20190426,FH-53-09-20190426,32,,
FH,53,11,20190405,FH-53-11-20190405,41,,
FH,53,11,20190417,FH-53-11-20190417,100,,
FH,53,11,20190426,FH-53-11-20190426,52,,
FH,54,9,20180115,FH-54-09-20180115,6,,
FH,54,9,20180314,FH-54-09-20180314,82,,
FH,54,9,20180328,FH-54-09-20180328,100,,
FH,54,9,20180412,FH-54-09-20180412,100,,
FH,54,9,20180427,FH-54-09-20180427,22,,
FH,54,10,20180115,FH-54-10-20180115,12,,
FH,54,10,20180314,FH-54-10-20180314,83,,
FH,54,10,20180328,FH-54-10-20180328,100,,
FH,54,10,20180412,FH-54-10-20180412,100,,
FH,54,10,20180427,FH-54-10-20180427,19,,
FH,55,9,20180412,FH-55-09-20180412,3,,
FH,55,10,20180412,FH-55-10-20180412,2,,
FH,55,10,20190405,FH-55-10-20190405,1,,
FH,55,10,20190506,FH-55-10-20190506,1,,
FH,55,10,20190521,FH-55-10-20190521,1,,
FH,57,13,20180411,FH-57-13-20180411,7,,
FH,57,13,20180425,FH-57-13-20180425,10,,
FH,57,13,20180508,FH-57-13-20180508,6,,
FH,57,13,20180523,FH-57-13-20180523,8,,
FH,57,13,20180919,FH-57-13-20180919,56,,
FH,57,13,20181003,FH-57-13-20181003,55,,
FH,57,13,20181015,FH-57-13-20181015,26,,
FH,57,13,20181030,FH-57-13-20181030,9,,
FH,57,13,20181128,FH-57-13-20181128,3,,
FH,57,15,20180328,FH-57-15-20180328,2,,
FH,57,15,20180411,FH-57-15-20180411,77,,
FH,57,15,20180425,FH-57-15-20180425,110,,
FH,57,15,20180508,FH-57-15-20180508,17,,
FH,57,15,20180523,FH-57-15-20180523,10,,
FH,57,15,20180905,FH-57-15-20180905,13,True,
FH,57,15,20180919,FH-57-15-20180919,56,,
FH,57,15,20181003,FH-57-15-20181003,62,,
FH,57,15,20181015,FH-57-15-20181015,30,,
FH,57,15,20181030,FH-57-15-20181030,17,,
FH,57,15,20181128,FH-57-15-20181128,3,,
FH,57,13,20190116,FH-57-13-20190116,4,,
FH,57,13,20190313,FH-57-13-20190313,13,,
FH,57,13,20190327,FH-57-13-20190327,22,,
FH,57,13,20190410,FH-57-13-20190410,86,,
FH,57,13,20190424,FH-57-13-20190424,46,,
FH,57,13,20190508,FH-57-13-20190508,6,,
FH,57,13,20190523,FH-57-13-20190523,31,,
FH,57,13,20190605,FH-57-13-20190605,5,,
FH,57,15,20190116,FH-57-15-20190116,4,,
FH,57,15,20190327,FH-57-15-20190327,48,,
FH,57,15,20190410,FH-57-15-20190410,75,,
FH,57,15,20190424,FH-57-15-20190424,32,,
FH,57,15,20190508,FH-57-15-20190508,11,,
FH,57,15,20190523,FH-57-15-20190523,19,,
FH,57,15,20190605,FH-57-15-20190605,7,,
FH,58,9,20190607,FH-58-09-20190607,9,,
FH,58,10,20190607,FH-58-10-20190607,28,,
FH,60,9,20180216,FH-60-09-20180216,2,,
FH,60,9,20180420,FH-60-09-20180420,5,,
FH,60,10,20180216,FH-60-10-20180216,7,,
FH,60,10,20180420,FH-60-10-20180420,14,,
FH,1,7,20180409,FH-01-07-20180409,39,,
FH,1,7,20180423,FH-01-07-20180423,96,,
FH,1,7,20180507,FH-01-07-20180507,73,,
FH,1,7,20180518,FH-01-07-20180518,46,,
FH,1,8,20180409,FH-01-08-20180409,51,,
FH,1,8,20180423,FH-01-08-20180423,100,,
FH,1,8,20180507,FH-01-08-20180507,77,,
FH,1,8,20180518,FH-01-08-20180518,27,,
FH,1,7,20190401,FH-01-07-20190401,17,,
FH,1,7,20190415,FH-01-07-20190415,59,,
FH,1,7,20190429,FH-01-07-20190429,19,,
FH,1,7,20190513,FH-01-07-20190513,20,,
FH,1,7,20190528,FH-01-07-20190528,16,,
FH,1,8,20190220,FH-01-08-20190220,3,,
FH,1,8,20190401,FH-01-08-20190401,68,,
FH,1,8,20190415,FH-01-08-20190415,100,,
FH,1,8,20190429,FH-01-08-20190429,35,,
FH,1,8,20190513,FH-01-08-20190513,34,,
FH,1,8,20190528,FH-01-08-20190528,35,,
FH,2,11,20180405,FH-02-11-20180405,18,,
FH,2,11,20180420,FH-02-11-20180420,34,,
FH,4,7,20180306,FH-04-07-20180306,100,,
FH,4,7,20180321,FH-04-07-20180321,100,,
FH,4,8,20180306,FH-04-08-20180306,100,,
FH,4,8,20180321,FH-04-08-20180321,100,,
FH,4,7,20190208,FH-04-07-20190208,12,,
FH,4,7,20190221,FH-04-07-20190221,45,,
FH,4,8,20190208,FH-04-08-20190208,12,,
FH,4,8,20190221,FH-04-08-20190221,36,,
FH,5,7,20180411,FH-05-07-20180411,101,,
FH,5,7,20180426,FH-05-07-20180426,101,,
FH,5,8,20180411,FH-05-08-20180411,101,,
FH,5,8,20180426,FH-05-08-20180426,101,,
FH,5,7,20190312,FH-05-07-20190312,100,,
FH,5,8,20190312,FH-05-08-20190312,35,,
FH,6,7,20180328,FH-06-07-20180328,100,,
FH,6,7,20180412,FH-06-07-20180412,100,,
FH,6,7,20180425,FH-06-07-20180425,35,,
FH,6,8,20180328,FH-06-08-20180328,77,,
FH,6,8,20180412,FH-06-08-20180412,100,,
FH,6,8,20180425,FH-06-08-20180425,25,,
FH,6,7,20190212,FH-06-07-20190212,22,,
FH,6,7,20190226,FH-06-07-20190226,15,,
FH,6,8,20190212,FH-06-08-20190212,27,,
FH,6,8,20190226,FH-06-08-20190226,6,,
FH,9,7,20180420,FH-09-07-20180420,13,,
FH,9,7,20180504,FH-09-07-20180504,103,,
FH,9,7,20180518,FH-09-07-20180518,2,,
FH,9,8,20180420,FH-09-08-20180420,2,,
FH,9,8,20180504,FH-09-08-20180504,62,,
FH,9,8,20180518,FH-09-08-20180518,5,,
FH,9,8,20180531,FH-09-08-20180531,6,,
FH,9,7,20190604,FH-09-07-20190604,1,,
FH,10,7,20180130,FH-10-07-20180130,8,,
FH,10,7,20180215,FH-10-07-20180215,14,,
FH,10,7,20180301,FH-10-07-20180301,10,,
FH,10,8,20180215,FH-10-08-20180215,1,,
FH,10,8,20190206,FH-10-08-20190206,1,,
FH,10,8,20190308,FH-10-08-20190308,1,,
FH,10,8,20190322,FH-10-08-20190322,2,,
FH,11,7,20180430,FH-11-07-20180430,7,,
FH,11,7,20180515,FH-11-07-20180515,9,,
FH,11,7,20180529,FH-11-07-20180529,1,,
FH,11,8,20180430,FH-11-08-20180430,5,,
FH,11,8,20180515,FH-11-08-20180515,9,,
FH,11,7,20190508,FH-11-07-20190508,5,,
FH,12,8,20180427,FH-12-08-20180427,3,,
FH,12,8,20180511,FH-12-08-20180511,2,,
FH,12,8,20180525,FH-12-08-20180525,2,,
FH,12,9,20180427,FH-12-09-20180427,5,,
FH,12,9,20180511,FH-12-09-20180511,4,,
FH,12,9,20180525,FH-12-09-20180525,3,,
FH,13,7,20180307,FH-13-07-20180307,2,,
FH,13,7,20181103,FH-13-07-20181103,1,,
FH,13,8,20180405,FH-13-08-20180405,2,,
FH,13,7,20190122,FH-13-07-20190122,1,,
FH,13,7,20190208,FH-13-07-20190208,2,,
FH,13,7,20190222,FH-13-07-20190222,6,,
FH,13,7,20190309,FH-13-07-20190309,2,,
FH,13,7,20190322,FH-13-07-20190322,1,,
FH,13,8,20190208,FH-13-08-20190208,1,,
FH,13,8,20190222,FH-13-08-20190222,1,,
FH,13,8,20190309,FH-13-08-20190309,1,,
FH,23,7,20180522,FH-23-07-20180522,22,,
FH,23,7,20180531,FH-23-07-20180531,94,,
FH,23,7,20180609,FH-23-07-20180609,100,,
FH,23,8,20180522,FH-23-08-20180522,39,,
FH,23,8,20180531,FH-23-08-20180531,100,,
FH,23,8,20180609,FH-23-08-20180609,100,,
FH,24,9,20180527,FH-24-09-20180527,10,,
FH,24,9,20180617,FH-24-09-20180617,24,,
FH,24,9,20180729,FH-24-09-20180729,14,,
FH,24,10,20180527,FH-24-10-20180527,11,,
FH,24,10,20190706,FH-24-10-20190706,5,,
FH,24,10,20190816,FH-24-10-20190816,2,,
FH,25,7,20180418,FH-25-07-20180418,33,,
FH,25,7,20180502,FH-25-07-20180502,17,,
FH,25,7,20180527,FH-25-07-20180527,30,,
FH,25,8,20180418,FH-25-08-20180418,8,,
FH,25,8,20180502,FH-25-08-20180502,10,,
FH,25,7,20190403,FH-25-07-20190403,23,,
FH,25,7,20190421,FH-25-07-20190421,23,,
FH,25,7,20190508,FH-25-07-20190508,11,,
FH,25,7,20190523,FH-25-07-20190523,10,,
FH,25,8,20190403,FH-25-08-20190403,8,,
FH,25,8,20190421,FH-25-08-20190421,7,,
FH,25,8,20190508,FH-25-08-20190508,6,,
FH,25,8,20190523,FH-25-08-20190523,3,,
FH,26,7,20180304,FH-26-07-20180304,13,,
FH,26,8,20180221,FH-26-08-20180221,2,,
FH,26,8,20180304,FH-26-08-20180304,12,,
FH,27,10,20180605,FH-27-10-20180605,1,,
FH,27,11,20180605,FH-27-11-20180605,2,,
FH,27,10,20190508,FH-27-10-20190508,1,,
FH,27,11,20190427,FH-27-11-20190427,4,,
FH,27,11,20190508,FH-27-11-20190508,1,,
FH,28,7,20180305,FH-28-07-20180305,66,,
FH,28,7,20180323,FH-28-07-20180323,100,,
FH,28,7,20180409,FH-28-07-20180409,71,,
FH,28,7,20180422,FH-28-07-20180422,46,,
FH,28,8,20180305,FH-28-08-20180305,61,,
FH,28,8,20180323,FH-28-08-20180323,86,,
FH,28,8,20180409,FH-28-08-20180409,30,,
FH,28,8,20180422,FH-28-08-20180422,53,,
FH,28,7,20190308,FH-28-07-20190308,4,,
FH,28,7,20190322,FH-28-07-20190322,10,,
FH,28,7,20190407,FH-28-07-20190407,7,,
FH,28,7,20190425,FH-28-07-20190425,2,,
FH,28,8,20190322,FH-28-08-20190322,10,,
FH,28,8,20190407,FH-28-08-20190407,3,,
FH,28,8,20190425,FH-28-08-20190425,3,,
FH,32,7,20180131,FH-32-07-20180131,12,,
FH,32,7,20180219,FH-32-07-20180219,64,,
FH,32,7,20180309,FH-32-07-20180309,100,,
FH,32,8,20180131,FH-32-08-20180131,10,,
FH,32,8,20180219,FH-32-08-20180219,37,,
FH,32,8,20180309,FH-32-08-20180309,78,,
FH,32,8,20190130,FH-32-08-20190130,3,,
FH,32,8,20190214,FH-32-08-20190214,8,,
FH,33,9,20190418,FH-33-09-20190418,23,,
FH,33,11,20190418,FH-33-11-20190418,25,,
FH,37,7,20180529,FH-37-07-20180529,20,,
FH,37,7,20180706,FH-37-07-20180706,2,,
FH,37,8,20180529,FH-37-08-20180529,25,,
FH,42,7,20180419,FH-42-07-20180419,140,,
FH,42,7,20180506,FH-42-07-20180506,3,,
FH,42,8,20180419,FH-42-08-20180419,113,,
FH,42,8,20180506,FH-42-08-20180506,1,,
FH,42,7,20190525,FH-42-07-20190525,5,,
FH,42,8,20190525,FH-42-08-20190525,3,,
FH,43,7,20180206,FH-43-07-20180206,22,,
FH,43,7,20180221,FH-43-07-20180221,38,,
FH,43,7,20180314,FH-43-07-20180314,34,,
FH,43,7,20180328,FH-43-07-20180328,22,,
FH,43,8,20180206,FH-43-08-20180206,10,,
FH,43,8,20180221,FH-43-08-20180221,44,,
FH,43,8,20180314,FH-43-08-20180314,32,,
FH,43,8,20180328,FH-43-08-20180328,23,,
FH,45,7,20180411,FH-45-07-20180411,150,,
FH,45,7,20180425,FH-45-07-20180425,17,,
FH,45,8,20180411,FH-45-08-20180411,130,,
FH,45,8,20180425,FH-45-08-20180425,50,,
FH,45,7,20190215,FH-45-07-20190215,6,,
FH,45,7,20190304,FH-45-07-20190304,7,,
FH,46,7,20180404,FH-46-07-20180404,56,,
FH,46,7,20180418,FH-46-07-20180418,100,,
FH,46,7,20180502,FH-46-07-20180502,94,,
FH,46,7,20180516,FH-46-07-20180516,31,,
FH,46,8,20180404,FH-46-08-20180404,100,,
FH,46,8,20180418,FH-46-08-20180418,100,,
FH,46,8,20180502,FH-46-08-20180502,90,,
FH,46,8,20180516,FH-46-08-20180516,37,,
FH,46,7,20190410,FH-46-07-20190410,100,,
FH,46,7,20190424,FH-46-07-20190424,61,,
FH,46,7,20190508,FH-46-07-20190508,25,,
FH,46,7,20190522,FH-46-07-20190522,20,,
FH,46,8,20190410,FH-46-08-20190410,100,,
FH,46,8,20190424,FH-46-08-20190424,26,,
FH,46,8,20190508,FH-46-08-20190508,25,,
FH,46,8,20190522,FH-46-08-20190522,15,,
FH,48,12,20180618,FH-48-12-20180618,11,,
FH,49,7,20180410,FH-49-07-20180410,107,,
FH,49,7,20180507,FH-49-07-20180507,3,,
FH,49,7,20181025,FH-49-07-20181025,2,,
FH,49,7,20181108,FH-49-07-20181108,10,,
FH,49,7,20181122,FH-49-07-20181122,9,,
FH,49,8,20180410,FH-49-08-20180410,128,,
FH,49,8,20180423,FH-49-08-20180423,14,,
FH,49,8,20180507,FH-49-08-20180507,8,,
FH,49,8,20181108,FH-49-08-20181108,2,,
FH,49,7,20190320,FH-49-07-20190320,14,,
FH,49,7,20190405,FH-49-07-20190405,87,,
FH,49,7,20190417,FH-49-07-20190417,96,,
FH,49,7,20190507,FH-49-07-20190507,20,,
FH,49,7,20190521,FH-49-07-20190521,21,,
FH,49,8,20190320,FH-49-08-20190320,6,,
FH,49,8,20190405,FH-49-08-20190405,14,,
FH,49,8,20190417,FH-49-08-20190417,11,,
FH,49,8,20190507,FH-49-08-20190507,6,,
FH,49,8,20190521,FH-49-08-20190521,5,,
FH,52,9,20180417,FH-52-09-20180417,22,,
FH,52,9,20180502,FH-52-09-20180502,37,,
FH,52,10,20180417,FH-52-10-20180417,10,,
FH,52,10,20180502,FH-52-10-20180502,22,,
FH,52,9,20190322,FH-52-09-20190322,21,,
FH,52,9,20190402,FH-52-09-20190402,100,,
FH,52,9,20190417,FH-52-09-20190417,100,,
FH,52,9,20190426,FH-52-09-20190426,44,,
FH,52,10,20190322,FH-52-10-20190322,15,,
FH,52,10,20190402,FH-52-10-20190402,70,,
FH,52,10,20190417,FH-52-10-20190417,80,,
FH,52,10,20190426,FH-52-10-20190426,13,,
FH,53,7,20180413,FH-53-07-20180413,13,,
FH,53,7,20180420,FH-53-07-20180420,105,,
FH,53,7,20180504,FH-53-07-20180504,11,,
FH,53,8,20180413,FH-53-08-20180413,3,,
FH,53,8,20180420,FH-53-08-20180420,18,,
FH,53,8,20180504,FH-53-08-20180504,6,,
FH,53,7,20190405,FH-53-07-20190405,23,,
FH,53,7,20190417,FH-53-07-20190417,108,,
FH,53,7,20190426,FH-53-07-20190426,57,,
FH,53,8,20190405,FH-53-08-20190405,6,,
FH,53,8,20190417,FH-53-08-20190417,99,,
FH,53,8,20190426,FH-53-08-20190426,42,,
FH,54,7,20180115,FH-54-07-20180115,15,,
FH,54,7,20180314,FH-54-07-20180314,62,,
FH,54,7,20180328,FH-54-07-20180328,100,,
FH,54,7,20180412,FH-54-07-20180412,100,,
FH,54,7,20180427,FH-54-07-20180427,14,,
FH,54,8,20180115,FH-54-08-20180115,12,,
FH,54,8,20180314,FH-54-08-20180314,72,,
FH,54,8,20180328,FH-54-08-20180328,100,,
FH,54,8,20180412,FH-54-08-20180412,100,,
FH,54,8,20180427,FH-54-08-20180427,18,,
FH,55,7,20180412,FH-55-07-20180412,2,,
FH,55,8,20180312,FH-55-08-20180312,3,,
FH,55,8,20180326,FH-55-08-20180326,2,,
FH,55,8,20180412,FH-55-08-20180412,20,,
FH,55,8,20190421,FH-55-08-20190421,7,,
FH,55,8,20190506,FH-55-08-20190506,6,,
FH,55,8,20190521,FH-55-08-20190521,6,,
FH,57,10,20180425,FH-57-10-20180425,5,,
FH,57,10,20180508,FH-57-10-20180508,19,,
FH,57,10,20180523,FH-57-10-20180523,3,,
FH,57,10,20180919,FH-57-10-20180919,2,,
FH,57,10,20181003,FH-57-10-20181003,12,,
FH,57,10,20181015,FH-57-10-20181015,19,,
FH,57,10,20181030,FH-57-10-20181030,9,,
FH,57,10,20181114,FH-57-10-20181114,3,,
FH,57,12,20180411,FH-57-12-20180411,37,,
FH,57,12,20180425,FH-57-12-20180425,35,,
FH,57,12,20180508,FH-57-12-20180508,19,,
FH,57,12,20180606,FH-57-12-20180606,4,,
FH,57,12,20180919,FH-57-12-20180919,34,,
FH,57,12,20181003,FH-57-12-20181003,38,,
FH,57,12,20181015,FH-57-12-20181015,30,,
FH,57,12,20181030,FH-57-12-20181030,3,,
FH,57,12,20181128,FH-57-12-20181128,3,,
FH,57,10,20190227,FH-57-10-20190227,4,,
FH,57,10,20190313,FH-57-10-20190313,8,,
FH,57,10,20190327,FH-57-10-20190327,29,,
FH,57,10,20190410,FH-57-10-20190410,72,,
FH,57,10,20190424,FH-57-10-20190424,18,,
FH,57,10,20190508,FH-57-10-20190508,6,,
FH,57,10,20190523,FH-57-10-20190523,20,,
FH,57,10,20190605,FH-57-10-20190605,15,,
FH,57,12,20190313,FH-57-12-20190313,5,,
FH,57,12,20190327,FH-57-12-20190327,33,,
FH,57,12,20190410,FH-57-12-20190410,117,,
FH,57,12,20190424,FH-57-12-20190424,73,,
FH,57,12,20190508,FH-57-12-20190508,7,,
FH,57,12,20190523,FH-57-12-20190523,70,,
FH,57,12,20190605,FH-57-12-20190605,6,,
FH,58,7,20190607,FH-58-07-20190607,1,,
FH,58,8,20190607,FH-58-08-20190607,20,,
FH,60,7,20180216,FH-60-07-20180216,6,,
FH,60,7,20180420,FH-60-07-20180420,5,,
FH,60,8,20180216,FH-60-08-20180216,9,,
FH,60,8,20180420,FH-60-08-20180420,15,,
