"sample_name","total_flower_counts","weighted_depth","sample_times","site","generation","plot","sampleidlist"
"1_1_1",146,19.4096842123288,4,1,1,1,"MLFH010120180409;MLFH010120180423;MLFH010120180507;MLFH010120180518"
"1_1_2",235,19.2302089574468,4,1,1,2,"MLFH010220180409;MLFH010220180423;MLFH010220180507;MLFH010220180518"
"1_1_3",229,9.30201048908297,4,1,1,3,"MLFH010320180409;MLFH010320180423;MLFH010320180507;MLFH010320180518"
"1_1_4",233,8.17491702145923,4,1,1,4,"MLFH010420180409;MLFH010420180423;MLFH010420180507;MLFH010420180518"
"1_1_5",226,7.23048581858407,4,1,1,5,"MLFH010520180409;MLFH010520180423;MLFH010520180507;MLFH010520180518"
"1_1_6",203,5.12671121674877,4,1,1,6,"MLFH010620180409;MLFH010620180423;MLFH010620180507;MLFH010620180518"
"1_1_7",254,4.99263724409449,4,1,1,7,"MLFH010720180409;MLFH010720180423;MLFH010720180507;MLFH010720180518"
"1_1_8",151,1.20445954304636,2,1,1,8,"MLFH010820180409;MLFH010820180423"
"1_1_9",215,8.22507653023256,4,1,1,9,"MLFH010920180409;MLFH010920180423;MLFH010920180507;MLFH010920180518"
"1_1_10",263,7.84228694296578,4,1,1,10,"MLFH011020180409;MLFH011020180423;MLFH011020180507;MLFH011020180518"
"1_1_11",224,2.17178682589286,4,1,1,11,"MLFH011120180409;MLFH011120180423;MLFH011120180507;MLFH011120180518"
"1_1_12",243,8.19898363374486,4,1,1,12,"MLFH011220180409;MLFH011220180423;MLFH011220180507;MLFH011220180518"
"1_2_1",208,12.2528757836538,5,1,2,1,"MLFH010120190401;MLFH010120190415;MLFH010120190429;MLFH010120190513;MLFH010120190528"
"1_2_2",194,20.2471597525773,5,1,2,2,"MLFH010220190401;MLFH010220190415;MLFH010220190429;MLFH010220190513;MLFH010220190528"
"1_2_3",117,6.82973733333333,5,1,2,3,"MLFH010320190401;MLFH010320190415;MLFH010320190429;MLFH010320190513;MLFH010320190528"
"1_2_4",235,7.75164488085106,5,1,2,4,"MLFH010420190401;MLFH010420190415;MLFH010420190429;MLFH010420190513;MLFH010420190528"
"1_2_5",204,6.1733831127451,5,1,2,5,"MLFH010520190401;MLFH010520190415;MLFH010520190429;MLFH010520190513;MLFH010520190528"
"1_2_6",276,2.60421079710145,5,1,2,6,"MLFH010620190401;MLFH010620190415;MLFH010620190429;MLFH010620190513;MLFH010620190528"
"1_2_7",95,1.22426332631579,3,1,2,7,"MLFH010720190401;MLFH010720190415;MLFH010720190429"
"1_2_8",207,3.8216239178744,5,1,2,8,"MLFH010820190220;MLFH010820190415;MLFH010820190429;MLFH010820190513;MLFH010820190528"
"1_2_9",68,2.76367233823529,6,1,2,9,"MLFH010920190220;MLFH010920190401;MLFH010920190415;MLFH010920190429;MLFH010920190513;MLFH010920190528"
"1_2_10",133,2.1443475112782,4,1,2,10,"MLFH011020190415;MLFH011020190429;MLFH011020190513;MLFH011020190528"
"1_2_11",137,7.52530496350365,5,1,2,11,"MLFH011120190401;MLFH011120190415;MLFH011120190429;MLFH011120190513;MLFH011120190528"
"1_2_12",67,6.65897425373134,5,1,2,12,"MLFH011220190401;MLFH011220190415;MLFH011220190429;MLFH011220190513;MLFH011220190528"
"1_3_1",24,8.470861125,5,1,3,1,"MLFH010120200323;MLFH010120200406;MLFH010120200420;MLFH010120200504;MLFH010120200518"
"1_3_4",20,7.96589765,4,1,3,4,"MLFH010420200406;MLFH010420200420;MLFH010420200504;MLFH010420200518"
"1_3_5",72,8.59792440277778,5,1,3,5,"MLFH010520200323;MLFH010520200406;MLFH010520200420;MLFH010520200504;MLFH010520200518"
"1_3_6",44,6.374848,5,1,3,6,"MLFH010620200323;MLFH010620200406;MLFH010620200420;MLFH010620200504;MLFH010620200518"
"1_3_7",115,6.40370859130435,6,1,3,7,"MLFH010720200329;MLFH010720200406;MLFH010720200420;MLFH010720200504;MLFH010720200518;MLFH010720200602"
"1_3_8",8,3.976964,2,1,3,8,"MLFH010820200406;MLFH010820200420"
"1_3_9",21,6.846714,6,1,3,9,"MLFH010920200323;MLFH010920200406;MLFH010920200420;MLFH010920200504;MLFH010920200518;MLFH010920200602"
"1_3_10",4,4.41017275,2,1,3,10,"MLFH011020200406;MLFH011020200420"
"1_3_11",264,6.66086226515151,6,1,3,11,"MLFH011120200323;MLFH011120200406;MLFH011120200420;MLFH011120200504;MLFH011120200518;MLFH011120200602"
"1_3_12",48,8.16289697916667,6,1,3,12,"MLFH011220200323;MLFH011220200406;MLFH011220200420;MLFH011220200504;MLFH011220200518;MLFH011220200602"
"2_1_6",67,7.78575070149254,2,2,1,6,"MLFH020620180405;MLFH020620180420"
"2_1_7",39,5.77105917948718,2,2,1,7,"MLFH020720180405;MLFH020720180420"
"2_1_8",109,2.61478502752294,2,2,1,8,"MLFH020820180405;MLFH020820180420"
"2_1_9",85,2.24225811764706,2,2,1,9,"MLFH020920180405;MLFH020920180420"
"2_1_11",52,5.19081976923077,2,2,1,11,"MLFH021120180405;MLFH021120180420"
"2_1_12",43,3.77294906976744,2,2,1,12,"MLFH021220180405;MLFH021220180420"
"2_2_5",15,6.188879,1,2,2,5,"MLFH020520190221"
"2_2_6",3,5.775552,1,2,2,6,"MLFH020620190215"
"2_2_7",12,7.764058,1,2,2,7,"MLFH020720190221"
"4_1_1",200,16.631347,2,4,1,1,"MLFH040120180306;MLFH040120180321"
"4_1_2",200,21.1636745,2,4,1,2,"MLFH040220180306;MLFH040220180321"
"4_1_3",200,10.246284,2,4,1,3,"MLFH040320180306;MLFH040320180321"
"4_1_4",200,7.809219,2,4,1,4,"MLFH040420180306;MLFH040420180321"
"4_1_5",200,3.876411,2,4,1,5,"MLFH040520180306;MLFH040520180321"
"4_1_6",200,4.0305875,2,4,1,6,"MLFH040620180306;MLFH040620180321"
"4_1_7",200,5.1301785,2,4,1,7,"MLFH040720180306;MLFH040720180321"
"4_1_8",200,4.078594,2,4,1,8,"MLFH040820180306;MLFH040820180321"
"4_1_9",200,4.5040225,2,4,1,9,"MLFH040920180306;MLFH040920180321"
"4_1_10",200,3.576653,2,4,1,10,"MLFH041020180306;MLFH041020180321"
"4_1_11",200,5.3725805,2,4,1,11,"MLFH041120180306;MLFH041120180321"
"4_1_12",200,5.939087,2,4,1,12,"MLFH041220180306;MLFH041220180321"
"4_2_1",80,9.3141593125,2,4,2,1,"MLFH040120190208;MLFH040120190221"
"4_2_2",60,2.80343875,2,4,2,2,"MLFH040220190208;MLFH040220190221"
"4_2_3",95,7.88655373684211,2,4,2,3,"MLFH040320190208;MLFH040320190221"
"4_2_5",75,5.5527064,2,4,2,5,"MLFH040520190208;MLFH040520190221"
"4_2_6",75,5.25486166666667,2,4,2,6,"MLFH040620190208;MLFH040620190221"
"4_2_7",57,3.73960636842105,2,4,2,7,"MLFH040720190208;MLFH040720190221"
"4_2_8",48,5.944418,2,4,2,8,"MLFH040820190208;MLFH040820190221"
"4_2_9",60,6.02164325,2,4,2,9,"MLFH040920190208;MLFH040920190221"
"4_2_10",63,5.77623006349206,2,4,2,10,"MLFH041020190208;MLFH041020190221"
"4_2_11",58,5.14580096551724,2,4,2,11,"MLFH041120190208;MLFH041120190221"
"4_2_12",52,4.93525015384615,2,4,2,12,"MLFH041220190208;MLFH041220190221"
"4_3_1",40,5.276738,1,4,3,1,"MLFH040120200206"
"4_3_2",50,7.741156,1,4,3,2,"MLFH040220200212"
"4_3_3",30,5.792649,1,4,3,3,"MLFH040320200206"
"4_3_5",80,4.953881,1,4,3,5,"MLFH040520200206"
"4_3_6",43,3.336538,1,4,3,6,"MLFH040620200206"
"4_3_7",17,3.326344,1,4,3,7,"MLFH040720200212"
"4_3_8",24,4.601433,1,4,3,8,"MLFH040820200212"
"4_3_9",17,4.758734,1,4,3,9,"MLFH040920200206"
"4_3_10",20,3.78768,1,4,3,10,"MLFH041020200206"
"4_3_11",11,4.639991,1,4,3,11,"MLFH041120200212"
"4_3_12",10,3.721006,1,4,3,12,"MLFH041220200212"
"5_1_1",202,1.7305085,2,5,1,1,"MLFH050120180411;MLFH050120180426"
"5_1_2",101,9.603963,1,5,1,2,"MLFH050220180426"
"5_1_3",202,6.873839,2,5,1,3,"MLFH050320180411;MLFH050320180426"
"5_1_4",202,3.1810215,2,5,1,4,"MLFH050420180411;MLFH050420180426"
"5_1_5",202,6.354871,2,5,1,5,"MLFH050520180411;MLFH050520180426"
"5_1_6",202,6.5759415,2,5,1,6,"MLFH050620180411;MLFH050620180426"
"5_1_7",202,4.414192,2,5,1,7,"MLFH050720180411;MLFH050720180426"
"5_1_8",202,4.689652,2,5,1,8,"MLFH050820180411;MLFH050820180426"
"5_1_9",202,5.8444585,2,5,1,9,"MLFH050920180411;MLFH050920180426"
"5_1_10",202,8.537875,2,5,1,10,"MLFH051020180411;MLFH051020180426"
"5_1_11",202,6.1496405,2,5,1,11,"MLFH051120180411;MLFH051120180426"
"5_1_12",202,8.7615735,2,5,1,12,"MLFH051220180411;MLFH051220180426"
"5_2_1",100,26.985397,1,5,2,1,"MLFH050120190312"
"5_2_2",100,19.819282,1,5,2,2,"MLFH050220190312"
"5_2_3",30,3.631745,1,5,2,3,"MLFH050320190312"
"5_2_4",26,5.380126,1,5,2,4,"MLFH050420190312"
"5_2_5",32,7.695403,1,5,2,5,"MLFH050520190312"
"5_2_6",85,6.596593,1,5,2,6,"MLFH050620190312"
"5_2_7",100,5.359162,1,5,2,7,"MLFH050720190312"
"5_2_8",35,5.223529,1,5,2,8,"MLFH050820190312"
"5_2_9",45,7.761858,1,5,2,9,"MLFH050920190312"
"5_2_10",45,9.798813,1,5,2,10,"MLFH051020190312"
"5_2_11",90,8.659613,1,5,2,11,"MLFH051120190312"
"5_2_12",100,6.714951,1,5,2,12,"MLFH051220190312"
"5_3_1",315,8.54552766666667,3,5,3,1,"MLFH050120200207;MLFH050120200224;MLFH050120200312"
"5_3_2",270,7.80122172222222,3,5,3,2,"MLFH050220200207;MLFH050220200224;MLFH050220200312"
"5_3_3",172,7.65529702325581,3,5,3,3,"MLFH050320200207;MLFH050320200224;MLFH050320200312"
"5_3_4",314,9.72147916242038,3,5,3,4,"MLFH050420200207;MLFH050420200224;MLFH050420200312"
"5_3_5",308,3.16184899025974,3,5,3,5,"MLFH050520200207;MLFH050520200224;MLFH050520200312"
"5_3_6",318,5.53509768867925,3,5,3,6,"MLFH050620200207;MLFH050620200224;MLFH050620200312"
"5_3_7",122,6.03000119672131,3,5,3,7,"MLFH050720200207;MLFH050720200224;MLFH050720200312"
"5_3_8",315,5.95927533333333,3,5,3,8,"MLFH050820200207;MLFH050820200224;MLFH050820200312"
"5_3_9",315,7.226432,3,5,3,9,"MLFH050920200207;MLFH050920200224;MLFH050920200312"
"5_3_10",315,8.05307933333333,3,5,3,10,"MLFH051020200207;MLFH051020200224;MLFH051020200312"
"5_3_11",246,8.59252168292683,3,5,3,11,"MLFH051120200207;MLFH051120200224;MLFH051120200312"
"5_3_12",189,7.94592133862434,3,5,3,12,"MLFH051220200207;MLFH051220200224;MLFH051220200312"
"6_1_1",177,8.45997218079096,3,6,1,1,"MLFH060120180328;MLFH060120180412;MLFH060120180425"
"6_1_2",182,10.6605382857143,3,6,1,2,"MLFH060220180328;MLFH060220180412;MLFH060220180425"
"6_1_3",203,4.59099345812808,3,6,1,3,"MLFH060320180328;MLFH060320180412;MLFH060320180425"
"6_1_4",37,1.841591,1,6,1,4,"MLFH060420180425"
"6_1_5",191,5.28025293193717,3,6,1,5,"MLFH060520180328;MLFH060520180412;MLFH060520180425"
"6_1_6",199,3.39830529648241,3,6,1,6,"MLFH060620180328;MLFH060620180412;MLFH060620180425"
"6_1_7",235,3.16109308510638,3,6,1,7,"MLFH060720180328;MLFH060720180412;MLFH060720180425"
"6_1_8",202,4.59341022277228,3,6,1,8,"MLFH060820180328;MLFH060820180412;MLFH060820180425"
"6_1_9",230,4.38711972173913,3,6,1,9,"MLFH060920180328;MLFH060920180412;MLFH060920180425"
"6_1_10",216,3.85287768518519,3,6,1,10,"MLFH061020180328;MLFH061020180412;MLFH061020180425"
"6_1_11",219,5.25987970319635,3,6,1,11,"MLFH061120180328;MLFH061120180412;MLFH061120180425"
"6_1_12",229,4.36891395633188,3,6,1,12,"MLFH061220180328;MLFH061220180412;MLFH061220180425"
"6_2_2",60,13.9089335,2,6,2,2,"MLFH060220190212;MLFH060220190226"
"6_2_3",60,2.50983766666667,2,6,2,3,"MLFH060320190212;MLFH060320190226"
"6_2_5",62,4.86453816129032,2,6,2,5,"MLFH060520190212;MLFH060520190226"
"6_2_6",94,4.18859468085106,2,6,2,6,"MLFH060620190212;MLFH060620190226"
"6_2_7",37,4.60984386486486,2,6,2,7,"MLFH060720190212;MLFH060720190226"
"6_2_8",33,5.82197327272727,2,6,2,8,"MLFH060820190212;MLFH060820190226"
"6_2_9",56,3.38819396428571,2,6,2,9,"MLFH060920190212;MLFH060920190226"
"6_2_10",56,6.07519003571429,2,6,2,10,"MLFH061020190212;MLFH061020190226"
"6_2_11",34,8.84711679411765,2,6,2,11,"MLFH061120190212;MLFH061120190226"
"6_2_12",57,8.60186803508772,2,6,2,12,"MLFH061220190212;MLFH061220190226"
"9_1_1",140,3.30041675714286,4,9,1,1,"MLFH090120180420;MLFH090120180504;MLFH090120180518;MLFH090120180531"
"9_1_2",150,14.83950624,4,9,1,2,"MLFH090220180420;MLFH090220180504;MLFH090220180518;MLFH090220180531"
"9_1_3",99,6.93851248484849,4,9,1,3,"MLFH090320180418;MLFH090320180504;MLFH090320180518;MLFH090320180531"
"9_1_4",181,11.6155688287293,4,9,1,4,"MLFH090420180418;MLFH090420180504;MLFH090420180518;MLFH090420180531"
"9_1_5",103,6.79285096116505,3,9,1,5,"MLFH090520180418;MLFH090520180504;MLFH090520180518"
"9_1_6",132,6.91479777272727,4,9,1,6,"MLFH090620180418;MLFH090620180504;MLFH090620180518;MLFH090620180531"
"9_1_7",118,4.39774772881356,3,9,1,7,"MLFH090720180420;MLFH090720180504;MLFH090720180518"
"9_1_8",75,5.9198122,4,9,1,8,"MLFH090820180420;MLFH090820180504;MLFH090820180518;MLFH090820180531"
"9_1_9",119,7.86028745378151,4,9,1,9,"MLFH090920180420;MLFH090920180504;MLFH090920180518;MLFH090920180531"
"9_1_10",169,7.61028560946746,4,9,1,10,"MLFH091020180420;MLFH091020180504;MLFH091020180518;MLFH091020180531"
"9_1_11",104,8.71516788461538,4,9,1,11,"MLFH091120180420;MLFH091120180504;MLFH091120180518;MLFH091120180531"
"9_1_12",94,8.18587663829787,3,9,1,12,"MLFH091220180504;MLFH091220180518;MLFH091220180531"
"9_2_2",1,1.488708,1,9,2,2,"MLFH090220190604"
"9_2_3",3,6.281908,1,9,2,3,"MLFH090320190604"
"9_2_6",3,4.118114,1,9,2,6,"MLFH090620190604"
"9_2_7",1,1.911129,1,9,2,7,"MLFH090720190604"
"9_2_9",1,4.676201,1,9,2,9,"MLFH090920190604"
"9_2_11",1,8.086596,1,9,2,11,"MLFH091120190604"
"9_2_12",4,10.711527,1,9,2,12,"MLFH091220190604"
"9_3_1",1,3.238561,1,9,3,1,"MLFH090120200606"
"9_3_2",33,3.92610187878788,4,9,3,2,"MLFH090220200411;MLFH090220200425;MLFH090220200509;MLFH090220200523"
"9_3_3",52,11.8007431923077,5,9,3,3,"MLFH090320200411;MLFH090320200425;MLFH090320200509;MLFH090320200523;MLFH090320200606"
"9_3_4",36,9.57397516666667,4,9,3,4,"MLFH090420200425;MLFH090420200509;MLFH090420200523;MLFH090420200606"
"9_3_5",5,7.8696368,2,9,3,5,"MLFH090520200523;MLFH090520200606"
"9_3_6",1,6.696399,1,9,3,6,"MLFH090620200523"
"9_3_7",41,9.31734070731707,5,9,3,7,"MLFH090720200411;MLFH090720200425;MLFH090720200509;MLFH090720200523;MLFH090720200606"
"9_3_8",1,6.339476,1,9,3,8,"MLFH090820200523"
"9_3_9",3,6.33166966666667,2,9,3,9,"MLFH090920200523;MLFH090920200606"
"9_3_10",21,7.79184828571429,2,9,3,10,"MLFH091020200509;MLFH091020200523"
"9_3_11",3,10.649614,1,9,3,11,"MLFH091120200523"
"9_3_12",2,5.8485385,2,9,3,12,"MLFH091220200523;MLFH091220200606"
"10_1_2",13,14.8901506923077,2,10,1,2,"MLFH100220180215;MLFH100220180301"
"10_1_3",21,7.71495457142857,3,10,1,3,"MLFH100320180130;MLFH100320180215;MLFH100320180301"
"10_1_4",12,5.97108183333333,3,10,1,4,"MLFH100420180130;MLFH100420180215;MLFH100420180301"
"10_1_5",30,6.35779533333333,3,10,1,5,"MLFH100520180130;MLFH100520180215;MLFH100520180301"
"10_1_6",33,6.76350666666667,3,10,1,6,"MLFH100620180130;MLFH100620180215;MLFH100620180301"
"10_1_7",32,10.224763125,3,10,1,7,"MLFH100720180130;MLFH100720180215;MLFH100720180301"
"10_1_8",1,8.791989,1,10,1,8,"MLFH100820180215"
"10_1_9",7,6.196488,2,10,1,9,"MLFH100920180215;MLFH100920180301"
"10_1_10",16,9.048665375,3,10,1,10,"MLFH101020180130;MLFH101020180215;MLFH101020180301"
"10_1_11",8,9.04077975,2,10,1,11,"MLFH101120180130;MLFH101120180301"
"10_1_12",21,6.64129933333333,3,10,1,12,"MLFH101220180130;MLFH101220180215;MLFH101220180301"
"10_2_1",1,4.634618,1,10,2,1,"MLFH100120190206"
"10_2_2",2,15.29969,2,10,2,2,"MLFH100220190206;MLFH100220190308"
"10_2_5",5,7.9508192,3,10,2,5,"MLFH100520190206;MLFH100520190222;MLFH100520190308"
"10_2_8",4,4.8888385,3,10,2,8,"MLFH100820190206;MLFH100820190308;MLFH100820190322"
"10_2_9",7,6.990632,3,10,2,9,"MLFH100920190206;MLFH100920190308;MLFH100920190322"
"10_3_2",2,2.8917775,2,10,3,2,"MLFH100220200210;MLFH100220200311"
"10_3_10",10,2.3538836,3,10,3,10,"MLFH101020200211;MLFH101020200225;MLFH101020200311"
"11_1_1",20,9.3068646,2,11,1,1,"MLFH110120180430;MLFH110120180515"
"11_1_2",17,4.68272752941176,2,11,1,2,"MLFH110220180430;MLFH110220180515"
"11_1_3",15,1.468705,1,11,1,3,"MLFH110320180515"
"11_1_4",12,1.7313225,2,11,1,4,"MLFH110420180430;MLFH110420180515"
"11_1_5",27,2.18112992592593,2,11,1,5,"MLFH110520180430;MLFH110520180515"
"11_1_6",8,1.467756,1,11,1,6,"MLFH110620180515"
"11_1_7",16,1.833186,2,11,1,7,"MLFH110720180430;MLFH110720180515"
"11_1_8",9,2.447477,1,11,1,8,"MLFH110820180515"
"11_1_9",5,1.755718,1,11,1,9,"MLFH110920180515"
"11_1_11",6,1.351071,1,11,1,11,"MLFH111120180515"
"11_1_12",5,1.2409688,2,11,1,12,"MLFH111220180430;MLFH111220180515"
"11_2_1",3,12.260347,1,11,2,1,"MLFH110120190508"
"11_2_2",4,9.398769,1,11,2,2,"MLFH110220190508"
"11_2_5",2,5.421103,1,11,2,5,"MLFH110520190508"
"11_2_6",9,3.979425,1,11,2,6,"MLFH110620190508"
"11_2_7",5,3.65403,1,11,2,7,"MLFH110720190508"
"11_2_12",3,4.53631,1,11,2,12,"MLFH111220190508"
"11_3_1",61,9.23374650819672,4,11,3,1,"MLFH110120200402;MLFH110120200417;MLFH110120200501;MLFH110120200513"
"11_3_3",5,7.662117,4,11,3,3,"MLFH110320200402;MLFH110320200417;MLFH110320200501;MLFH110320200513"
"11_3_5",1,4.308307,1,11,3,5,"MLFH110520200402"
"11_3_6",2,8.471559,1,11,3,6,"MLFH110620200417"
"12_1_2",3,11.967469,2,12,1,2,"MLFH120220180427;MLFH120220180525"
"12_1_3",5,14.402163,3,12,1,3,"MLFH120320180427;MLFH120320180511;MLFH120320180525"
"12_1_4",13,5.78314461538462,3,12,1,4,"MLFH120420180427;MLFH120420180511;MLFH120420180525"
"12_1_5",15,5.6674168,3,12,1,5,"MLFH120520180427;MLFH120520180511;MLFH120520180525"
"12_1_6",6,4.95828233333333,3,12,1,6,"MLFH120620180427;MLFH120620180511;MLFH120620180525"
"12_1_7",2,6.439123,1,12,1,7,"MLFH120720180525"
"12_1_8",7,5.31247185714286,3,12,1,8,"MLFH120820180427;MLFH120820180511;MLFH120820180525"
"12_1_9",12,7.17703775,3,12,1,9,"MLFH120920180427;MLFH120920180511;MLFH120920180525"
"12_1_10",35,8.15148625714286,4,12,1,10,"MLFH121020180427;MLFH121020180511;MLFH121020180525;MLFH121020180606"
"12_1_11",49,8.51213136734694,4,12,1,11,"MLFH121120180427;MLFH121120180511;MLFH121120180525;MLFH121120180606"
"12_1_12",64,8.057370765625,4,12,1,12,"MLFH121220180427;MLFH121220180511;MLFH121220180525;MLFH121220180606"
"12_2_4",1,1.236695,1,12,2,4,"MLFH120420190430"
"12_2_10",39,8.41219294871795,3,12,2,10,"MLFH121020190412;MLFH121020190430;MLFH121020190514"
"12_2_11",25,8.59707388,3,12,2,11,"MLFH121120190412;MLFH121120190430;MLFH121120190514"
"12_2_12",67,8.85508676119403,3,12,2,12,"MLFH121220190412;MLFH121220190430;MLFH121220190514"
"13_1_1",8,19.99830475,2,13,1,1,"MLFH130120180307;MLFH130120180321"
"13_1_2",10,10.5442582,3,13,1,2,"MLFH130220180307;MLFH130220180321;MLFH130220180405"
"13_1_3",8,6.1506645,2,13,1,3,"MLFH130320180307;MLFH130320180405"
"13_1_4",5,7.8376688,2,13,1,4,"MLFH130420180307;MLFH130420180321"
"13_1_5",2,7.865509,1,13,1,5,"MLFH130520180307"
"13_1_6",6,10.705279,1,13,1,6,"MLFH130620180307"
"13_1_7",2,8.976099,1,13,1,7,"MLFH130720180307"
"13_1_8",2,9.5355,1,13,1,8,"MLFH130820180405"
"13_1_9",2,8.2199955,2,13,1,9,"MLFH130920180307;MLFH130920180405"
"13_1_10",3,6.686364,2,13,1,10,"MLFH131020180307;MLFH131020180405"
"13_1_11",1,7.010092,1,13,1,11,"MLFH131120180405"
"13_1_12",2,5.235449,1,13,1,12,"MLFH131220180321"
"13_2_1",80,16.908450275,8,13,2,1,"MLFH130120181103;MLFH130120181128;MLFH130120190107;MLFH130120190122;MLFH130120190208;MLFH130120190222;MLFH130120190308;MLFH130120190322"
"13_2_2",48,3.38623039583333,6,13,2,2,"MLFH130220181103;MLFH130220181128;MLFH130220190107;MLFH130220190122;MLFH130220190208;MLFH130220190222"
"13_2_3",66,6.34944618181818,7,13,2,3,"MLFH130320181103;MLFH130320190107;MLFH130320190122;MLFH130320190208;MLFH130320190222;MLFH130320190308;MLFH130320190322"
"13_2_4",33,6.3193216969697,6,13,2,4,"MLFH130420181103;MLFH130420190107;MLFH130420190122;MLFH130420190208;MLFH130420190222;MLFH130420190308"
"13_2_5",23,6.00562417391304,8,13,2,5,"MLFH130520181103;MLFH130520181128;MLFH130520190107;MLFH130520190122;MLFH130520190208;MLFH130520190222;MLFH130520190308;MLFH130520190322"
"13_2_7",13,7.20433815384615,6,13,2,7,"MLFH130720181103;MLFH130720190122;MLFH130720190208;MLFH130720190222;MLFH130720190309;MLFH130720190322"
"13_2_8",3,4.10989533333333,3,13,2,8,"MLFH130820190208;MLFH130820190222;MLFH130820190309"
"13_2_9",91,7.1321360989011,8,13,2,9,"MLFH130920181103;MLFH130920181128;MLFH130920190107;MLFH130920190122;MLFH130920190208;MLFH130920190222;MLFH130920190308;MLFH130920190322"
"13_2_10",45,7.52763353333333,8,13,2,10,"MLFH131020181103;MLFH131020181128;MLFH131020190107;MLFH131020190122;MLFH131020190208;MLFH131020190222;MLFH131020190308;MLFH131020190322"
"13_2_11",5,6.39717,5,13,2,11,"MLFH131120181103;MLFH131120181128;MLFH131120190107;MLFH131120190122;MLFH131120190208"
"13_2_12",14,8.13059471428571,5,13,2,12,"MLFH131220181103;MLFH131220181128;MLFH131220190122;MLFH131220190208;MLFH131220190222"
"13_3_1",17,8.93733194117647,5,13,3,1,"MLFH130120200205;MLFH130120200221;MLFH130120200312;MLFH130120200326;MLFH130120200409"
"13_3_2",59,8.82227950847458,5,13,3,2,"MLFH130220200205;MLFH130220200221;MLFH130220200312;MLFH130220200326;MLFH130220200409"
"13_3_3",14,6.95616371428572,3,13,3,3,"MLFH130320200205;MLFH130320200221;MLFH130320200312"
"13_3_4",2,8.0368235,2,13,3,4,"MLFH130420200205;MLFH130420200221"
"13_3_5",1,5.751826,1,13,3,5,"MLFH130520200205"
"13_3_8",8,3.918339,5,13,3,8,"MLFH130820200205;MLFH130820200221;MLFH130820200312;MLFH130820200326;MLFH130820200409"
"13_3_9",3,5.64651,1,13,3,9,"MLFH130920200205"
"13_3_10",4,1.14780625,2,13,3,10,"MLFH131020200205;MLFH131020200221"
"13_3_11",18,3.38403388888889,2,13,3,11,"MLFH131120200205;MLFH131120200221"
"13_3_12",12,4.65205175,4,13,3,12,"MLFH131220200205;MLFH131220200221;MLFH131220200312;MLFH131220200326"
"23_1_1",160,10.07387413125,3,23,1,1,"MLFH230120180522;MLFH230120180531;MLFH230120180609"
"23_1_2",300,13.146999,3,23,1,2,"MLFH230220180522;MLFH230220180531;MLFH230220180609"
"23_1_3",209,5.09029055980861,3,23,1,3,"MLFH230320180522;MLFH230320180531;MLFH230320180609"
"23_1_4",125,5.876152552,3,23,1,4,"MLFH230420180522;MLFH230420180531;MLFH230420180609"
"23_1_5",139,4.69889963309352,3,23,1,5,"MLFH230520180522;MLFH230520180531;MLFH230520180609A"
"23_1_6",215,4.13814745116279,3,23,1,6,"MLFH230620180522;MLFH230620180531;MLFH230620180609"
"23_1_7",216,2.44107958333333,3,23,1,7,"MLFH230720180522;MLFH230720180531;MLFH230720180609"
"23_1_8",239,3.75158739748954,3,23,1,8,"MLFH230820180522;MLFH230820180531;MLFH230820180609"
"23_1_9",215,4.48327690232558,3,23,1,9,"MLFH230920180522;MLFH230920180531;MLFH230920180609"
"23_1_10",246,4.44178032926829,3,23,1,10,"MLFH231020180522;MLFH231020180531;MLFH231020180609"
"23_1_11",261,3.91369916091954,3,23,1,11,"MLFH231120180522;MLFH231120180531;MLFH231120180609"
"23_1_12",227,3.74221570484582,3,23,1,12,"MLFH231220180522;MLFH231220180531;MLFH231220180609"
"24_1_1",20,14.5142489,3,24,1,1,"MLFH240120180521;MLFH240120180617;MLFH240120180729"
"24_1_2",56,23.0574084285714,3,24,1,2,"MLFH240220180521;MLFH240220180617;MLFH240220180729"
"24_1_3",51,7.15446647058824,3,24,1,3,"MLFH240320180527;MLFH240320180617;MLFH240320180729"
"24_1_4",43,7.39727737209302,3,24,1,4,"MLFH240420180527;MLFH240420180617;MLFH240420180729"
"24_1_5",13,6.229713,1,24,1,5,"MLFH240520180729"
"24_1_7",17,6.75396,1,24,1,7,"MLFH240720180521"
"24_1_9",48,7.244024625,3,24,1,9,"MLFH240920180527;MLFH240920180617;MLFH240920180729"
"24_1_10",11,9.214903,1,24,1,10,"MLFH241020180527"
"24_1_11",38,4.37721086842105,3,24,1,11,"MLFH241120180521;MLFH241120180617;MLFH241120180729"
"24_1_12",69,3.26949537681159,3,24,1,12,"MLFH241220180521;MLFH241220180617;MLFH241220180729"
"24_2_10",7,6.71309728571429,2,24,2,10,"MLFH241020190706;MLFH241020190816"
"24_2_11",4,4.58297675,2,24,2,11,"MLFH241120190706;MLFH241120190816"
"25_1_1",51,23.2314060784314,3,25,1,1,"MLFH250120180418;MLFH250120180502;MLFH250120180527"
"25_1_2",70,14.093521,1,25,1,2,"MLFH250220180527"
"25_1_3",130,6.71645592307692,3,25,1,3,"MLFH250320180418;MLFH250320180502;MLFH250320180527"
"25_1_4",51,7.774988,1,25,1,4,"MLFH250420180527"
"25_1_5",43,7.00689930232558,3,25,1,5,"MLFH250520180418;MLFH250520180502;MLFH250520180527"
"25_1_6",24,7.1700525,2,25,1,6,"MLFH250620180418;MLFH250620180502"
"25_1_7",80,7.0121831375,3,25,1,7,"MLFH250720180418;MLFH250720180502;MLFH250720180527"
"25_1_8",18,9.02804322222222,2,25,1,8,"MLFH250820180418;MLFH250820180502"
"25_1_9",145,5.29503515862069,4,25,1,9,"MLFH250920180418;MLFH250920180502;MLFH250920180527;MLFH250920180609"
"25_1_10",145,8.31408217241379,2,25,1,10,"MLFH251020180418;MLFH251020180527"
"25_1_11",79,3.4797405443038,3,25,1,11,"MLFH251120180418;MLFH251120180502;MLFH251120180527"
"25_1_12",141,2.73584375177305,3,25,1,12,"MLFH251220180418;MLFH251220180502;MLFH251220180527"
"25_2_1",84,20.684052702381,4,25,2,1,"MLFH250120190403;MLFH250120190421;MLFH250120190508;MLFH250120190523"
"25_2_2",39,13.6838675128205,4,25,2,2,"MLFH250220190403;MLFH250220190508;MLFH250220190523;MLFH250220190926"
"25_2_3",127,6.06257703149606,4,25,2,3,"MLFH250320190403;MLFH250320190421;MLFH250320190508;MLFH250320190523"
"25_2_4",51,6.60357515686275,5,25,2,4,"MLFH250420190403;MLFH250420190421;MLFH250420190508;MLFH250420190523;MLFH250420190926"
"25_2_5",42,4.65242604761905,4,25,2,5,"MLFH250520190403;MLFH250520190421;MLFH250520190508;MLFH250520190523"
"25_2_6",49,6.41699755102041,4,25,2,6,"MLFH250620190403;MLFH250620190421;MLFH250620190508;MLFH250620190523"
"25_2_7",57,1.7602821754386,3,25,2,7,"MLFH250720190403;MLFH250720190421;MLFH250720190508"
"25_2_8",7,1.041387,1,25,2,8,"MLFH250820190421"
"25_2_9",42,7.0675065,4,25,2,9,"MLFH250920190403;MLFH250920190421;MLFH250920190508;MLFH250920190523"
"25_2_10",55,7.29944294545454,5,25,2,10,"MLFH251020190403;MLFH251020190421;MLFH251020190508;MLFH251020190523;MLFH251020190926"
"25_2_11",31,2.33013016129032,3,25,2,11,"MLFH251120190403;MLFH251120190421;MLFH251120190523"
"25_2_12",28,7.71548660714286,5,25,2,12,"MLFH251220190403;MLFH251220190421;MLFH251220190508;MLFH251220190523;MLFH251220190926"
"26_1_1",22,10.728735,1,26,1,1,"MLFH260120180304"
"26_1_2",40,12.588586775,2,26,1,2,"MLFH260220180221;MLFH260220180304"
"26_1_3",43,7.35728376744186,2,26,1,3,"MLFH260320180221;MLFH260320180304"
"26_1_4",35,6.58470957142857,2,26,1,4,"MLFH260420180221;MLFH260420180304"
"26_1_5",3,7.455071,1,26,1,5,"MLFH260520180304"
"26_1_6",1,5.931448,1,26,1,6,"MLFH260620180221"
"26_1_8",14,2.18137814285714,2,26,1,8,"MLFH260820180221;MLFH260820180304"
"26_1_9",20,6.1424746,2,26,1,9,"MLFH260920180221;MLFH260920180304"
"26_1_10",18,5.447411,1,26,1,10,"MLFH261020180221"
"26_1_11",19,8.171795,1,26,1,11,"MLFH261120180304"
"26_1_12",5,8.145178,1,26,1,12,"MLFH261220180304"
"27_1_1",4,5.161028,1,27,1,1,"MLFH270120180605"
"27_1_2",3,7.584982,1,27,1,2,"MLFH270220180902"
"27_1_5",1,5.356082,1,27,1,5,"MLFH270520180605"
"27_1_6",2,3.263317,1,27,1,6,"MLFH270620180902"
"27_1_7",4,2.199898,1,27,1,7,"MLFH270720180605"
"27_1_10",1,4.803275,1,27,1,10,"MLFH271020180605"
"27_1_11",2,7.130391,1,27,1,11,"MLFH271120180605"
"27_1_12",1,3.770093,1,27,1,12,"MLFH271220180902"
"27_2_1",4,7.272883,1,27,2,1,"MLFH270120190427"
"27_2_2",3,1.824532,1,27,2,2,"MLFH270220190427"
"27_2_3",1,3.888455,1,27,2,3,"MLFH270320190427"
"27_2_4",4,4.33975,1,27,2,4,"MLFH270420190427"
"27_2_5",2,2.648292,2,27,2,5,"MLFH270520190427;MLFH270520190602"
"27_2_6",1,1.809792,1,27,2,6,"MLFH270620190427"
"27_2_7",4,1.347713,1,27,2,7,"MLFH270720190602"
"27_2_9",2,5.020239,1,27,2,9,"MLFH270920190427"
"27_2_10",1,1.581274,1,27,2,10,"MLFH271020190508"
"27_2_11",5,3.5176804,2,27,2,11,"MLFH271120190427;MLFH271120190508"
"27_2_12",6,5.046848,2,27,2,12,"MLFH271220190427;MLFH271220190602"
"27_3_1",1,6.463961,1,27,3,1,"MLFH270120200505"
"27_3_4",1,4.228833,1,27,3,4,"MLFH270420200505"
"27_3_6",1,3.277247,1,27,3,6,"MLFH270620200623"
"27_3_7",6,2.5022015,2,27,3,7,"MLFH270720200505;MLFH270720200609"
"27_3_8",4,3.595659,3,27,3,8,"MLFH270820200505;MLFH270820200609;MLFH270820200623"
"27_3_9",1,4.42519,1,27,3,9,"MLFH270920200609"
"27_3_10",2,2.131011,2,27,3,10,"MLFH271020200505;MLFH271020200609"
"27_3_11",6,5.22854516666667,3,27,3,11,"MLFH271120200505;MLFH271120200609;MLFH271120200623"
"27_3_12",15,6.7752258,3,27,3,12,"MLFH271220200505;MLFH271220200609;MLFH271220200623"
"28_1_2",188,4.14669744148936,4,28,1,2,"MLFH280220180305;MLFH280220180323;MLFH280220180409;MLFH280220180422"
"28_1_4",82,1.49503,1,28,1,4,"MLFH280420180422"
"28_1_6",26,1.853299,1,28,1,6,"MLFH280620180422"
"28_1_8",53,2.21188,1,28,1,8,"MLFH280820180422"
"28_1_17",44,1.031993,1,28,1,17,"MLFH281720180309"
"28_2_2",41,18.840037,4,28,2,2,"MLFH280220190308;MLFH280220190322;MLFH280220190407;MLFH280220190425"
"28_2_3",39,7.07554074358974,4,28,2,3,"MLFH280320190308;MLFH280320190322;MLFH280320190407;MLFH280320190425"
"28_2_4",18,4.74619488888889,3,28,2,4,"MLFH280420190322;MLFH280420190407;MLFH280420190425"
"28_2_6",22,7.06522027272727,3,28,2,6,"MLFH280620190322;MLFH280620190407;MLFH280620190425"
"28_2_7",23,5.76155452173913,4,28,2,7,"MLFH280720190308;MLFH280720190322;MLFH280720190407;MLFH280720190425"
"28_2_8",16,5.9198838125,3,28,2,8,"MLFH280820190322;MLFH280820190407;MLFH280820190425"
"28_2_11",4,3.6245325,2,28,2,11,"MLFH281120190322;MLFH281120190407"
"28_2_12",41,6.57197607317073,3,28,2,12,"MLFH281220190308;MLFH281220190322;MLFH281220190407"
"28_2_13",16,7.458126625,3,28,2,13,"MLFH281320190308;MLFH281320190322;MLFH281320190407"
"28_2_15",23,7.52322982608696,3,28,2,15,"MLFH281520190308;MLFH281520190322;MLFH281520190407"
"28_2_16",27,6.99177933333333,3,28,2,16,"MLFH281620190308;MLFH281620190322;MLFH281620190407"
"28_2_17",17,3.51964147058824,3,28,2,17,"MLFH281720190208;MLFH281720190308;MLFH281720190322"
"28_3_2",6,7.01781233333333,3,28,3,2,"MLFH280220200116;MLFH280220200130;MLFH280220200302"
"28_3_3",12,10.696213,1,28,3,3,"MLFH280320200302"
"28_3_4",8,7.9399275,2,28,3,4,"MLFH280420200214;MLFH280420200302"
"28_3_6",14,5.83883771428571,2,28,3,6,"MLFH280620200214;MLFH280620200302"
"28_3_12",249,8.23675398393574,4,28,3,12,"MLFH281220200116;MLFH281220200130;MLFH281220200217;MLFH281220200305"
"28_3_13",36,6.80015122222222,2,28,3,13,"MLFH281320200217;MLFH281320200305"
"28_3_15",28,7.81359271428571,2,28,3,15,"MLFH281520200217;MLFH281520200305"
"28_3_16",62,7.95309180645161,3,28,3,16,"MLFH281620200130;MLFH281620200217;MLFH281620200305"
"28_3_17",32,5.6335730625,3,28,3,17,"MLFH281720200130;MLFH281720200217;MLFH281720200305"
"32_1_1",221,10.5354125384615,3,32,1,1,"MLFH320120180131;MLFH320120180219;MLFH320120180309"
"32_1_2",228,4.05059029824561,3,32,1,2,"MLFH320220180131;MLFH320220180219;MLFH320220180309"
"32_1_3",173,7.33945842774567,3,32,1,3,"MLFH320320180131;MLFH320320180219;MLFH320320180309"
"32_1_4",177,3.41523947457627,3,32,1,4,"MLFH320420180131;MLFH320420180219;MLFH320420180309"
"32_1_5",176,8.792877,3,32,1,5,"MLFH320520180131;MLFH320520180219;MLFH320520180309"
"32_1_6",149,6.58446440268456,3,32,1,6,"MLFH320620180131;MLFH320620180219;MLFH320620180309"
"32_1_7",176,6.79424613636364,3,32,1,7,"MLFH320720180131;MLFH320720180219;MLFH320720180309"
"32_1_8",125,7.043020552,3,32,1,8,"MLFH320820180131;MLFH320820180219;MLFH320820180309"
"32_1_9",126,6.11479011111111,3,32,1,9,"MLFH320920180131;MLFH320920180219;MLFH320920180309"
"32_1_10",106,7.55600422641509,3,32,1,10,"MLFH321020180131;MLFH321020180219;MLFH321020180309"
"32_1_11",97,10.6569310206186,3,32,1,11,"MLFH321120180131;MLFH321120180219;MLFH321120180309"
"32_1_12",80,7.05845555,3,32,1,12,"MLFH321220180131;MLFH321220180219;MLFH321220180309"
"32_2_1",98,10.18938,3,32,2,1,"MLFH320120190116;MLFH320120190130;MLFH320120190214"
"32_2_2",16,8.294634,2,32,2,2,"MLFH320220190130;MLFH320220190214"
"32_2_3",32,5.79172275,2,32,2,3,"MLFH320320190130;MLFH320320190214A"
"32_2_4",12,5.10367491666667,2,32,2,4,"MLFH320420190116;MLFH320420190130"
"32_2_6",13,8.895729,1,32,2,6,"MLFH320620190214"
"32_2_8",11,8.91308672727273,2,32,2,8,"MLFH320820190130;MLFH320820190214"
"32_2_9",4,6.937221,1,32,2,9,"MLFH320920190214"
"32_3_1",33,6.49188051515152,2,32,3,1,"MLFH320120200117;MLFH320120200131"
"32_3_2",98,8.6490726122449,2,32,3,2,"MLFH320220200117;MLFH320220200131"
"32_3_3",41,6.99677687804878,2,32,3,3,"MLFH320320200117;MLFH320320200131"
"32_3_4",5,5.1574516,2,32,3,4,"MLFH320420200117;MLFH320420200131"
"32_3_6",12,7.402014,2,32,3,6,"MLFH320620200117;MLFH320620200131"
"32_3_7",1,6.655127,1,32,3,7,"MLFH320720200131"
"32_3_10",2,3.4480585,2,32,3,10,"MLFH321020200131;MLFH321020200214"
"32_3_12",3,5.560696,1,32,3,12,"MLFH321220200131"
"33_1_1",7,1.265997,1,33,1,1,"MLFH330120180607"
"33_2_4",20,5.233298,1,33,2,4,"MLFH330420190426"
"33_2_5",20,6.059282,1,33,2,5,"MLFH330520190528"
"33_2_6",28,4.448517,1,33,2,6,"MLFH330620190418"
"33_2_9",23,4.66539,1,33,2,9,"MLFH330920190418"
"33_2_11",25,6.966433,1,33,2,11,"MLFH331120190418"
"33_2_12",43,7.7933,1,33,2,12,"MLFH331220190418"
"37_1_1",60,13.156693,1,37,1,1,"MLFH370120180529"
"37_1_2",52,17.577359,1,37,1,2,"MLFH370220180529"
"37_1_3",55,6.571868,1,37,1,3,"MLFH370320180529"
"37_1_4",60,6.47872025,2,37,1,4,"MLFH370420180529;MLFH370420180706"
"37_1_5",53,7.33590471698113,2,37,1,5,"MLFH370520180529;MLFH370520180706"
"37_1_6",30,7.297577,1,37,1,6,"MLFH370620180529"
"37_1_7",22,9.89559190909091,2,37,1,7,"MLFH370720180529;MLFH370720180706"
"37_1_8",25,6.598003,1,37,1,8,"MLFH370820180529"
"37_1_9",9,6.83930211111111,2,37,1,9,"MLFH370920180529;MLFH370920180706"
"37_1_10",13,9.05266153846154,2,37,1,10,"MLFH371020180529;MLFH371020180706"
"37_1_11",26,7.57712626923077,2,37,1,11,"MLFH371120180529;MLFH371120180706"
"37_1_12",17,6.38241029411765,2,37,1,12,"MLFH371220180529;MLFH371220180706"
"42_1_1",103,14.333215407767,2,42,1,1,"MLFH420120180419;MLFH420120180506"
"42_1_2",97,16.1988793814433,2,42,1,2,"MLFH420220180419;MLFH420220180506"
"42_1_3",92,8.63867385869565,2,42,1,3,"MLFH420320180419;MLFH420320180506"
"42_1_4",37,7.04852767567568,2,42,1,4,"MLFH420420180419;MLFH420420180506"
"42_1_5",8,4.584542625,2,42,1,5,"MLFH420520180419;MLFH420520180506"
"42_1_6",9,4.36217788888889,2,42,1,6,"MLFH420620180419;MLFH420620180506"
"42_1_7",143,6.88961996503496,2,42,1,7,"MLFH420720180419;MLFH420720180506"
"42_1_8",114,2.92162312280702,2,42,1,8,"MLFH420820180419;MLFH420820180506"
"42_1_9",154,6.10989753246753,2,42,1,9,"MLFH420920180419;MLFH420920180506"
"42_1_10",142,5.37912946478873,2,42,1,10,"MLFH421020180419;MLFH421020180506"
"42_1_11",23,7.78195947826087,2,42,1,11,"MLFH421120180419;MLFH421120180506"
"42_1_12",12,8.9214245,2,42,1,12,"MLFH421220180419;MLFH421220180506"
"42_2_3",6,4.139136,1,42,2,3,"MLFH420320190525"
"42_2_5",5,5.054453,1,42,2,5,"MLFH420520190525"
"42_2_6",5,9.892222,1,42,2,6,"MLFH420620190525"
"42_2_7",5,5.802021,1,42,2,7,"MLFH420720190525"
"42_2_8",3,6.281036,1,42,2,8,"MLFH420820190525"
"42_2_9",5,4.987781,1,42,2,9,"MLFH420920190525"
"42_2_11",2,3.715593,1,42,2,11,"MLFH421120190525"
"42_3_1",13,1.114251,1,42,3,1,"MLFH420120200319"
"42_3_3",11,1.764296,1,42,3,3,"MLFH420320200319"
"42_3_4",11,1.841291,1,42,3,4,"MLFH420420200331"
"42_3_5",15,4.242331,1,42,3,5,"MLFH420520200331"
"42_3_6",8,2.332667,1,42,3,6,"MLFH420620200331"
"42_3_7",14,3.735275,1,42,3,7,"MLFH420720200319"
"42_3_8",26,3.137306,1,42,3,8,"MLFH420820200319"
"42_3_9",13,3.912136,1,42,3,9,"MLFH420920200415"
"42_3_10",12,4.790765,1,42,3,10,"MLFH421020200415"
"43_1_1",156,17.9510550961538,4,43,1,1,"MLFH430120180206;MLFH430120180221;MLFH430120180314;MLFH430120180328"
"43_1_2",117,18.2383887777778,3,43,1,2,"MLFH430220180221;MLFH430220180314;MLFH430220180328"
"43_1_3",84,4.82731435714286,3,43,1,3,"MLFH430320180206;MLFH430320180221;MLFH430320180314"
"43_1_4",125,8.564679232,4,43,1,4,"MLFH430420180206;MLFH430420180221;MLFH430420180314;MLFH430420180328"
"43_1_5",113,7.3098866460177,4,43,1,5,"MLFH430520180206;MLFH430520180221;MLFH430520180314;MLFH430520180328"
"43_1_6",103,5.83010903883495,4,43,1,6,"MLFH430620180206;MLFH430620180221;MLFH430620180314;MLFH430620180328"
"43_1_7",116,7.18764479310345,4,43,1,7,"MLFH430720180206;MLFH430720180221;MLFH430720180314;MLFH430720180328"
"43_1_8",109,5.28797886238532,4,43,1,8,"MLFH430820180206;MLFH430820180221;MLFH430820180314;MLFH430820180328"
"43_1_9",106,5.80506291509434,4,43,1,9,"MLFH430920180206;MLFH430920180221;MLFH430920180314;MLFH430920180328"
"43_1_10",84,5.90746723809524,3,43,1,10,"MLFH431020180221;MLFH431020180314;MLFH431020180328"
"43_1_11",91,5.79836637362637,4,43,1,11,"MLFH431120180206;MLFH431120180221;MLFH431120180314;MLFH431120180328"
"43_1_12",81,6.11140377777778,4,43,1,12,"MLFH431220180206;MLFH431220180221;MLFH431220180314;MLFH431220180328"
"43_2_1",16,1.430043,1,43,2,1,"MLFH430120190228"
"43_2_4",4,1.230595,1,43,2,4,"MLFH430420190328"
"43_3_2",22,1.352441,1,43,3,2,"MLFH430220200309"
"43_3_4",15,1.72304466666667,2,43,3,4,"MLFH430420200224;MLFH430420200309"
"43_3_5",38,5.45367573684211,2,43,3,5,"MLFH430520200224;MLFH430520200309"
"43_3_6",30,7.4667972,2,43,3,6,"MLFH430620200224;MLFH430620200309"
"43_3_7",12,3.258798,1,43,3,7,"MLFH430720200309"
"43_3_8",27,4.09687888888889,2,43,3,8,"MLFH430820200224;MLFH430820200309"
"43_3_9",20,5.87784365,2,43,3,9,"MLFH430920200224;MLFH430920200309"
"43_3_11",7,6.38561,1,43,3,11,"MLFH431120200309"
"43_3_12",29,6.8765685862069,2,43,3,12,"MLFH431220200224;MLFH431220200309"
"45_1_1",183,9.21795448087432,3,45,1,1,"MLFH450120180327;MLFH450120180411;MLFH450120180425"
"45_1_2",128,7.4599470625,2,45,1,2,"MLFH450220180411;MLFH450220180425"
"45_1_3",210,6.12682914285714,2,45,1,3,"MLFH450320180411;MLFH450320180425"
"45_1_4",123,5.43140463414634,2,45,1,4,"MLFH450420180411;MLFH450420180425"
"45_1_5",147,4.48297665986395,2,45,1,5,"MLFH450520180411;MLFH450520180425"
"45_1_6",179,7.04404526256983,3,45,1,6,"MLFH450620180327;MLFH450620180411;MLFH450620180425"
"45_1_7",167,5.27880158083832,2,45,1,7,"MLFH450720180411;MLFH450720180425"
"45_1_8",180,3.47774427777778,2,45,1,8,"MLFH450820180411;MLFH450820180425"
"45_1_9",85,3.37905805882353,2,45,1,9,"MLFH450920180411;MLFH450920180425"
"45_1_10",132,3.86384490909091,2,45,1,10,"MLFH451020180411;MLFH451020180425"
"45_1_11",168,5.36656673214286,3,45,1,11,"MLFH451120180327;MLFH451120180411;MLFH451120180425"
"45_1_12",140,2.3183206,2,45,1,12,"MLFH451220180411;MLFH451220180425"
"45_2_1",133,1.76938339097744,3,45,2,1,"MLFH450120190131;MLFH450120190215;MLFH450120190304"
"45_2_3",37,3.34768808108108,2,45,2,3,"MLFH450320190215;MLFH450320190304"
"45_2_7",13,2.69583538461538,2,45,2,7,"MLFH450720190215;MLFH450720190304"
"45_2_10",19,1.994653,1,45,2,10,"MLFH451020190304"
"45_2_12",10,1.620461,1,45,2,12,"MLFH451220190215"
"45_3_1",119,2.00236323529412,3,45,3,1,"MLFH450120200113;MLFH450120200210;MLFH450120200225"
"45_3_2",106,5.96854856603774,3,45,3,2,"MLFH450220200210;MLFH450220200225;MLFH450220200310"
"45_3_4",127,5.04416894488189,4,45,3,4,"MLFH450420200127;MLFH450420200210;MLFH450420200225;MLFH450420200310"
"45_3_5",8,4.63989325,2,45,3,5,"MLFH450520200210;MLFH450520200225"
"45_3_6",135,4.14039239259259,4,45,3,6,"MLFH450620200127;MLFH450620200210;MLFH450620200225;MLFH450620200310"
"45_3_8",50,5.09145284,3,45,3,8,"MLFH450820200127;MLFH450820200210;MLFH450820200225"
"45_3_9",5,1.5883318,2,45,3,9,"MLFH450920200210;MLFH450920200225"
"45_3_10",68,3.83592345588235,4,45,3,10,"MLFH451020200127;MLFH451020200210;MLFH451020200225;MLFH451020200310"
"45_3_11",87,4.0927783908046,4,45,3,11,"MLFH451120200127;MLFH451120200210;MLFH451120200225;MLFH451120200310"
"45_3_12",87,3.56450501149425,3,45,3,12,"MLFH451220200210;MLFH451220200225;MLFH451220200310"
"46_1_1",237,17.8611746455696,4,46,1,1,"MLFH460120180404;MLFH460120180418;MLFH460120180502;MLFH460120180516"
"46_1_2",271,21.9550156752768,4,46,1,2,"MLFH460220180404;MLFH460220180418;MLFH460220180502;MLFH460220180516"
"46_1_3",279,7.9632352078853,4,46,1,3,"MLFH460320180404;MLFH460320180418;MLFH460320180502;MLFH460320180516"
"46_1_4",292,8.89776187671233,4,46,1,4,"MLFH460420180404;MLFH460420180418;MLFH460420180502;MLFH460420180516"
"46_1_5",336,10.3710076607143,4,46,1,5,"MLFH460520180404;MLFH460520180418;MLFH460520180502;MLFH460520180516"
"46_1_6",344,5.05251650581395,4,46,1,6,"MLFH460620180404;MLFH460620180418;MLFH460620180502;MLFH460620180516"
"46_1_7",281,6.79544272597865,4,46,1,7,"MLFH460720180404;MLFH460720180418;MLFH460720180502;MLFH460720180516"
"46_1_8",327,8.49660093883792,4,46,1,8,"MLFH460820180404;MLFH460820180418;MLFH460820180502;MLFH460820180516"
"46_1_9",326,6.80045627607362,4,46,1,9,"MLFH460920180404;MLFH460920180418;MLFH460920180502;MLFH460920180516"
"46_1_10",319,8.07137848275862,4,46,1,10,"MLFH461020180404;MLFH461020180418;MLFH461020180502;MLFH461020180516"
"46_1_11",314,6.90965708598726,4,46,1,11,"MLFH461120180404;MLFH461120180418;MLFH461120180502;MLFH461120180516"
"46_1_12",239,8.46003978661088,4,46,1,12,"MLFH461220180404;MLFH461220180418;MLFH461220180502;MLFH461220180516"
"46_2_1",230,15.3212546521739,4,46,2,1,"MLFH460120190410;MLFH460120190424;MLFH460120190508;MLFH460120190522"
"46_2_2",219,18.2588425068493,4,46,2,2,"MLFH460220190410;MLFH460220190424;MLFH460220190508;MLFH460220190522"
"46_2_3",224,9.375088875,4,46,2,3,"MLFH460320190410;MLFH460320190424;MLFH460320190508;MLFH460320190522"
"46_2_4",214,5.70057315887851,4,46,2,4,"MLFH460420190410;MLFH460420190424;MLFH460420190508;MLFH460420190522"
"46_2_5",257,7.02412310894942,4,46,2,5,"MLFH460520190410;MLFH460520190424;MLFH460520190508;MLFH460520190522"
"46_2_6",213,8.41764748826291,4,46,2,6,"MLFH460620190410;MLFH460620190424;MLFH460620190508;MLFH460620190522"
"46_2_7",206,6.01636323786408,4,46,2,7,"MLFH460720190410;MLFH460720190424;MLFH460720190508;MLFH460720190522"
"46_2_8",166,5.50450580722892,4,46,2,8,"MLFH460820190410;MLFH460820190424;MLFH460820190508;MLFH460820190522"
"46_2_9",200,7.791649235,4,46,2,9,"MLFH460920190410;MLFH460920190424;MLFH460920190508;MLFH460920190522"
"46_2_10",198,6.5425265050505,4,46,2,10,"MLFH461020190410;MLFH461020190424;MLFH461020190508;MLFH461020190522"
"46_2_11",130,7.51295440769231,4,46,2,11,"MLFH461120190410;MLFH461120190424;MLFH461120190508;MLFH461120190522"
"46_2_12",117,7.01926856410256,4,46,2,12,"MLFH461220190410;MLFH461220190424;MLFH461220190508;MLFH461220190522"
"46_3_1",240,7.54277550416667,5,46,3,1,"MLFH460120200403;MLFH460120200417;MLFH460120200430;MLFH460120200515;MLFH460120200529"
"46_3_2",251,6.60020058167331,5,46,3,2,"MLFH460220200403;MLFH460220200417;MLFH460220200430;MLFH460220200515;MLFH460220200529"
"46_3_3",268,7.19941798507463,5,46,3,3,"MLFH460320200403;MLFH460320200417;MLFH460320200430;MLFH460320200515;MLFH460320200529"
"46_3_4",267,8.79423423220974,5,46,3,4,"MLFH460420200403;MLFH460420200417;MLFH460420200430;MLFH460420200515;MLFH460420200529"
"46_3_5",199,6.47373167336683,5,46,3,5,"MLFH460520200403;MLFH460520200417;MLFH460520200430;MLFH460520200515;MLFH460520200529"
"46_3_6",208,7.34317493269231,5,46,3,6,"MLFH460620200403;MLFH460620200417;MLFH460620200430;MLFH460620200515;MLFH460620200529"
"46_3_7",200,7.3030241,5,46,3,7,"MLFH460720200403;MLFH460720200417;MLFH460720200430;MLFH460720200515;MLFH460720200529"
"46_3_8",185,7.13137173513513,4,46,3,8,"MLFH460820200403;MLFH460820200417;MLFH460820200430;MLFH460820200515"
"46_3_9",258,8.19990915891473,5,46,3,9,"MLFH460920200403;MLFH460920200417;MLFH460920200430;MLFH460920200515;MLFH460920200529"
"46_3_10",203,4.47762157635468,5,46,3,10,"MLFH461020200403;MLFH461020200417;MLFH461020200430;MLFH461020200515;MLFH461020200529"
"46_3_11",236,8.93794241525424,5,46,3,11,"MLFH461120200403;MLFH461120200417;MLFH461120200430;MLFH461120200515;MLFH461120200529"
"46_3_12",166,10.7943583072289,5,46,3,12,"MLFH461220200403;MLFH461220200417;MLFH461220200430;MLFH461220200515;MLFH461220200529"
"48_1_3",10,6.337735,1,48,1,3,"MLFH480320180618"
"48_1_6",10,5.18747,1,48,1,6,"MLFH480620180618"
"48_1_9",12,10.465784,1,48,1,9,"MLFH480920180618"
"48_1_11",17,5.503836,1,48,1,11,"MLFH481120180618"
"48_1_12",11,3.628775,1,48,1,12,"MLFH481220180618"
"48_3_1",4,2.406169,1,48,3,1,"MLFH480120200508"
"48_3_2",40,4.486899,2,48,3,2,"MLFH480220200429;MLFH480220200508"
"48_3_3",5,5.548259,1,48,3,3,"MLFH480320200508"
"48_3_4",15,3.031156,1,48,3,4,"MLFH480420200508"
"48_3_6",7,2.793551,1,48,3,6,"MLFH480620200508"
"48_3_8",4,3.179831,1,48,3,8,"MLFH480820200508"
"48_3_9",6,4.04911,1,48,3,9,"MLFH480920200508"
"48_3_10",5,1.790195,1,48,3,10,"MLFH481020200508"
"48_3_11",21,1.9289719047619,2,48,3,11,"MLFH481120200429;MLFH481120200508"
"48_3_12",55,2.05334118181818,2,48,3,12,"MLFH481220200429;MLFH481220200508"
"49_1_2",49,12.1699396938776,2,49,1,2,"MLFH490220180409;MLFH490220180507"
"49_1_3",87,7.16796654022989,2,49,1,3,"MLFH490320180409;MLFH490320180507"
"49_1_4",22,7.143962,1,49,1,4,"MLFH490420180409"
"49_1_5",115,4.53922383478261,2,49,1,5,"MLFH490520180409;MLFH490520180507"
"49_1_6",120,5.15839348333333,2,49,1,6,"MLFH490620180409;MLFH490620180507"
"49_1_7",110,10.8957074363636,2,49,1,7,"MLFH490720180410;MLFH490720180507"
"49_1_8",150,6.82152845333333,3,49,1,8,"MLFH490820180410;MLFH490820180423;MLFH490820180507"
"49_1_9",128,3.150500890625,3,49,1,9,"MLFH490920180409;MLFH490920180423;MLFH490920180507"
"49_1_10",114,2.86031012280702,3,49,1,10,"MLFH491020180409;MLFH491020180423;MLFH491020180507"
"49_1_11",112,6.634541,1,49,1,11,"MLFH491120180409"
"49_1_12",118,5.75814219491525,3,49,1,12,"MLFH491220180409;MLFH491220180423;MLFH491220180507"
"49_2_1",25,27.94423972,4,49,2,1,"MLFH490120181101;MLFH490120181108;MLFH490120190405;MLFH490120190417"
"49_2_2",37,23.1439469459459,5,49,2,2,"MLFH490220190320;MLFH490220190405;MLFH490220190417;MLFH490220190507;MLFH490220190521"
"49_2_3",12,9.4394405,2,49,2,3,"MLFH490320190405;MLFH490320190417"
"49_2_4",9,6.67496688888889,2,49,2,4,"MLFH490420190405;MLFH490420190417"
"49_2_5",32,9.1769205625,4,49,2,5,"MLFH490520190405;MLFH490520190417;MLFH490520190507;MLFH490520190521"
"49_2_6",91,6.55752439560439,9,49,2,6,"MLFH490620181025;MLFH490620181101A;MLFH490620181108;MLFH490620181122;MLFH490620190320;MLFH490620190405;MLFH490620190417;MLFH490620190507;MLFH490620190521"
"49_2_7",259,5.82720374903475,8,49,2,7,"MLFH490720181025;MLFH490720181108;MLFH490720181122;MLFH490720190320;MLFH490720190405;MLFH490720190417;MLFH490720190507;MLFH490720190521"
"49_2_8",44,1.68497484090909,6,49,2,8,"MLFH490820181108;MLFH490820190320;MLFH490820190405;MLFH490820190417;MLFH490820190507;MLFH490820190521"
"49_2_9",58,8.14134881034483,7,49,2,9,"MLFH490920181108;MLFH490920181122;MLFH490920190320;MLFH490920190405;MLFH490920190417;MLFH490920190507;MLFH490920190521"
"49_2_10",339,7.00303779646018,9,49,2,10,"MLFH491020181025;MLFH491020181101;MLFH491020181108;MLFH491020181122;MLFH491020190320;MLFH491020190405;MLFH491020190417;MLFH491020190507;MLFH491020190521"
"49_2_11",17,7.41100123529412,4,49,2,11,"MLFH491120190405;MLFH491120190417;MLFH491120190507;MLFH491120190521"
"49_2_12",40,7.005197425,4,49,2,12,"MLFH491220190405;MLFH491220190417;MLFH491220190507;MLFH491220190521"
"52_1_2",3,5.013815,2,52,1,2,"MLFH520220180417;MLFH520220180502"
"52_1_3",26,9.38499569230769,2,52,1,3,"MLFH520320180417;MLFH520320180502"
"52_1_4",54,7.33277892592593,2,52,1,4,"MLFH520420180417;MLFH520420180502"
"52_1_6",3,4.745945,1,52,1,6,"MLFH520620180502"
"52_1_7",4,9.033161,1,52,1,7,"MLFH520720180502"
"52_1_8",20,8.1254959,2,52,1,8,"MLFH520820180417;MLFH520820180502"
"52_1_9",59,1.11467445762712,2,52,1,9,"MLFH520920180417;MLFH520920180502"
"52_1_10",10,1.431079,1,52,1,10,"MLFH521020180417"
"52_1_11",13,6.89183792307692,2,52,1,11,"MLFH521120180502;MLFH521120180524"
"52_1_12",14,4.47645014285714,2,52,1,12,"MLFH521220180417;MLFH521220180502"
"52_2_1",19,3.97851105263158,4,52,2,1,"MLFH520120190322;MLFH520120190402;MLFH520120190417;MLFH520120190426"
"52_2_2",15,13.0858133333333,2,52,2,2,"MLFH520220190417;MLFH520220190426"
"52_2_3",89,11.0876729775281,3,52,2,3,"MLFH520320190402;MLFH520320190417;MLFH520320190426"
"52_2_4",39,7.3051471025641,4,52,2,4,"MLFH520420190322;MLFH520420190402;MLFH520420190417;MLFH520420190426"
"52_2_5",13,2.90318738461538,4,52,2,5,"MLFH520520190322;MLFH520520190402;MLFH520520190417;MLFH520520190426"
"52_2_6",50,1.7480727,3,52,2,6,"MLFH520620190322;MLFH520620190417;MLFH520620190426"
"52_2_7",129,1.75557824031008,4,52,2,7,"MLFH520720190322;MLFH520720190402;MLFH520720190417;MLFH520720190426"
"52_2_8",80,2.400592375,3,52,2,8,"MLFH520820190402;MLFH520820190417;MLFH520820190426"
"52_2_9",265,6.4416331509434,4,52,2,9,"MLFH520920190322;MLFH520920190402;MLFH520920190417;MLFH520920190426"
"52_2_10",178,6.48165463483146,4,52,2,10,"MLFH521020190322;MLFH521020190402;MLFH521020190417;MLFH521020190426"
"52_2_11",172,6.0371821744186,4,52,2,11,"MLFH521120190322;MLFH521120190402;MLFH521120190419;MLFH521120190426"
"52_2_12",143,5.13058798601399,4,52,2,12,"MLFH521220190322;MLFH521220190402;MLFH521220190419;MLFH521220190426"
"52_3_1",43,4.5918183255814,3,52,3,1,"MLFH520120200320;MLFH520120200327;MLFH520120200403"
"52_3_2",44,5.51914634090909,3,52,3,2,"MLFH520220200320;MLFH520220200327;MLFH520220200403"
"52_3_3",323,6.63527232198142,3,52,3,3,"MLFH520320200320;MLFH520320200327;MLFH520320200403"
"52_3_4",48,7.2464838125,3,52,3,4,"MLFH520420200320;MLFH520420200327;MLFH520420200403"
"52_3_5",30,6.6262764,3,52,3,5,"MLFH520520200320;MLFH520520200327;MLFH520520200403"
"52_3_6",114,6.52487953508772,2,52,3,6,"MLFH520620200320;MLFH520620200327"
"52_3_7",144,6.77280496527778,3,52,3,7,"MLFH520720200320;MLFH520720200327;MLFH520720200403"
"52_3_8",85,8.31359105882353,3,52,3,8,"MLFH520820200320;MLFH520820200327;MLFH520820200403"
"52_3_9",140,6.38520572857143,3,52,3,9,"MLFH520920200320;MLFH520920200327;MLFH520920200403"
"52_3_10",183,8.48816713114754,3,52,3,10,"MLFH521020200320;MLFH521020200327;MLFH521020200403"
"52_3_11",100,13.5846993,3,52,3,11,"MLFH521120200320;MLFH521120200327;MLFH521120200403"
"52_3_12",252,10.7184246507937,3,52,3,12,"MLFH521220200320;MLFH521220200327;MLFH521220200403"
"53_1_2",56,13.9346649107143,3,53,1,2,"MLFH530220180413;MLFH530220180420;MLFH530220180504"
"53_1_3",204,1.16316458823529,3,53,1,3,"MLFH530320180413;MLFH530320180420;MLFH530320180504"
"53_1_4",133,1.69966378947368,2,53,1,4,"MLFH530420180420;MLFH530420180504"
"53_1_5",40,5.741434675,3,53,1,5,"MLFH530520180413;MLFH530520180420;MLFH530520180504"
"53_1_6",87,8.89764529885058,3,53,1,6,"MLFH530620180413;MLFH530620180420;MLFH530620180504"
"53_1_7",129,5.37201368217054,3,53,1,7,"MLFH530720180413;MLFH530720180420;MLFH530720180504"
"53_1_8",27,7.05187177777778,3,53,1,8,"MLFH530820180413;MLFH530820180420;MLFH530820180504"
"53_1_9",132,8.09661953030303,3,53,1,9,"MLFH530920180413;MLFH530920180420;MLFH530920180504"
"53_1_11",128,8.23931571875,3,53,1,11,"MLFH531120180413;MLFH531120180420;MLFH531120180504"
"53_1_12",1,3.045434,1,53,1,12,"MLFH531220180504"
"53_2_1",186,16.871423188172,3,53,2,1,"MLFH530120190405;MLFH530120190417;MLFH530120190426"
"53_2_2",217,15.793856281106,3,53,2,2,"MLFH530220190405;MLFH530220190417;MLFH530220190426"
"53_2_3",190,3.17887670526316,3,53,2,3,"MLFH530320190405;MLFH530320190417;MLFH530320190426"
"53_2_4",224,8.77480440625,3,53,2,4,"MLFH530420190405;MLFH530420190417;MLFH530420190426"
"53_2_5",166,5.41118595180723,3,53,2,5,"MLFH530520190405;MLFH530520190417;MLFH530520190426"
"53_2_6",164,7.57060992682927,3,53,2,6,"MLFH530620190405;MLFH530620190417;MLFH530620190426"
"53_2_7",188,6.01938212765957,3,53,2,7,"MLFH530720190405;MLFH530720190417;MLFH530720190426"
"53_2_8",147,5.94741059183673,3,53,2,8,"MLFH530820190405;MLFH530820190417;MLFH530820190426"
"53_2_9",208,6.62821477884615,3,53,2,9,"MLFH530920190405;MLFH530920190417;MLFH530920190426"
"53_2_10",11,3.28263,2,53,2,10,"MLFH531020190417;MLFH531020190426"
"53_2_11",193,6.4814592642487,3,53,2,11,"MLFH531120190405;MLFH531120190417;MLFH531120190426"
"53_2_12",15,3.2953086,2,53,2,12,"MLFH531220190417;MLFH531220190426"
"53_3_1",144,6.5337193125,2,53,3,1,"MLFH530120200320;MLFH530120200408"
"53_3_2",106,8.80848950943396,2,53,3,2,"MLFH530220200320;MLFH530220200408"
"53_3_3",121,7.33421010743802,2,53,3,3,"MLFH530320200320;MLFH530320200408"
"53_3_4",117,7.84086038461539,2,53,3,4,"MLFH530420200320;MLFH530420200408"
"53_3_5",134,5.77770144029851,2,53,3,5,"MLFH530520200320;MLFH530520200408"
"53_3_6",94,7.43622495744681,2,53,3,6,"MLFH530620200320;MLFH530620200408"
"53_3_7",153,9.48812631372549,2,53,3,7,"MLFH530720200320;MLFH530720200408"
"53_3_8",149,8.18220597315436,2,53,3,8,"MLFH530820200320;MLFH530820200408"
"53_3_9",132,8.19079060606061,2,53,3,9,"MLFH530920200320;MLFH530920200408"
"53_3_10",157,7.34092478343949,2,53,3,10,"MLFH531020200320;MLFH531020200408"
"53_3_11",168,12.3900184285714,2,53,3,11,"MLFH531120200320;MLFH531120200408"
"53_3_12",145,13.0701426827586,2,53,3,12,"MLFH531220200320;MLFH531220200408"
"54_1_1",237,7.09001278902954,4,54,1,1,"MLFH540120180115;MLFH540120180314;MLFH540120180412;MLFH540120180427"
"54_1_2",331,8.42041815407855,5,54,1,2,"MLFH540220180115;MLFH540220180314;MLFH540220180328;MLFH540220180412;MLFH540220180427"
"54_1_3",321,7.43250533333333,5,54,1,3,"MLFH540320180115;MLFH540320180314;MLFH540320180328;MLFH540320180412;MLFH540320180427"
"54_1_4",351,8.81678556410256,5,54,1,4,"MLFH540420180115;MLFH540420180314;MLFH540420180328;MLFH540420180412;MLFH540420180427"
"54_1_5",333,7.86953285585586,5,54,1,5,"MLFH540520180115;MLFH540520180314;MLFH540520180328;MLFH540520180412;MLFH540520180427"
"54_1_6",327,4.29113435474006,5,54,1,6,"MLFH540620180115;MLFH540620180314;MLFH540620180328;MLFH540620180412;MLFH540620180427"
"54_1_7",291,4.85247896219931,5,54,1,7,"MLFH540720180115;MLFH540720180314;MLFH540720180328;MLFH540720180412;MLFH540720180427"
"54_1_8",302,8.07045578145695,5,54,1,8,"MLFH540820180115;MLFH540820180314;MLFH540820180328;MLFH540820180412;MLFH540820180427"
"54_1_9",310,7.90746040645161,5,54,1,9,"MLFH540920180115;MLFH540920180314;MLFH540920180328;MLFH540920180412;MLFH540920180427"
"54_1_10",314,7.22656778025478,5,54,1,10,"MLFH541020180115;MLFH541020180314;MLFH541020180328;MLFH541020180412;MLFH541020180427"
"54_1_11",308,7.76142861363636,5,54,1,11,"MLFH541120180115;MLFH541120180314;MLFH541120180328;MLFH541120180412;MLFH541120180427"
"54_1_12",309,7.36494685113269,5,54,1,12,"MLFH541220180115;MLFH541220180314;MLFH541220180328;MLFH541220180412;MLFH541220180427"
"54_2_1",176,9.03032185795455,3,54,2,1,"MLFH540120190330;MLFH540120190418;MLFH540120190524"
"54_2_2",128,8.0232628046875,3,54,2,2,"MLFH540220190330;MLFH540220190418;MLFH540220190524"
"54_2_3",156,6.9727743974359,3,54,2,3,"MLFH540320190330;MLFH540320190418;MLFH540320190524"
"54_2_4",261,8.20878331034483,3,54,2,4,"MLFH540420190330;MLFH540420190418;MLFH540420190524"
"54_2_5",179,8.35435248044693,3,54,2,5,"MLFH540520190330;MLFH540520190418;MLFH540520190524"
"54_2_6",75,7.49556712,3,54,2,6,"MLFH540620190330;MLFH540620190418;MLFH540620190524"
"54_2_7",23,8.272298,3,54,2,7,"MLFH540720190330;MLFH540720190418;MLFH540720190524"
"54_2_8",188,6.15553237765957,3,54,2,8,"MLFH540820190330;MLFH540820190418;MLFH540820190524"
"54_2_9",116,7.91258865517241,3,54,2,9,"MLFH540920190330;MLFH540920190418;MLFH540920190524"
"54_2_10",87,7.96969211494253,3,54,2,10,"MLFH541020190330;MLFH541020190418;MLFH541020190524"
"54_2_11",206,10.454737223301,3,54,2,11,"MLFH541120190330;MLFH541120190418;MLFH541120190524"
"54_2_12",29,8.39010624137931,2,54,2,12,"MLFH541220190418;MLFH541220190524"
"54_3_1",22,5.57409827272727,2,54,3,1,"MLFH540120200325;MLFH540120200408"
"54_3_2",49,8.01185230612245,2,54,3,2,"MLFH540220200325;MLFH540220200408"
"54_3_3",17,7.50000035294118,2,54,3,3,"MLFH540320200325;MLFH540320200408"
"54_3_4",24,7.59194583333333,2,54,3,4,"MLFH540420200325;MLFH540420200408"
"54_3_5",93,9.26133394623656,2,54,3,5,"MLFH540520200325;MLFH540520200408"
"54_3_6",79,7.08827537974684,2,54,3,6,"MLFH540620200325;MLFH540620200408"
"54_3_7",18,4.46318077777778,2,54,3,7,"MLFH540720200325;MLFH540720200408"
"54_3_8",151,4.54172025165563,2,54,3,8,"MLFH540820200325;MLFH540820200408"
"54_3_9",130,5.28385306153846,2,54,3,9,"MLFH540920200325;MLFH540920200408"
"54_3_10",69,4.21399253623188,2,54,3,10,"MLFH541020200325;MLFH541020200408"
"54_3_11",117,11.0258486666667,2,54,3,11,"MLFH541120200325;MLFH541120200408"
"54_3_12",89,13.0411846516854,2,54,3,12,"MLFH541220200325;MLFH541220200408"
"55_1_1",6,12.8854541666667,2,55,1,1,"MLFH550120180312;MLFH550120180412"
"55_1_2",147,10.4507512993197,4,55,1,2,"MLFH550220180222;MLFH550220180312;MLFH550220180326;MLFH550220180412"
"55_1_3",6,2.08747333333333,2,55,1,3,"MLFH550320180312;MLFH550320180412"
"55_1_4",24,5.296220625,2,55,1,4,"MLFH550420180326;MLFH550420180412"
"55_1_5",20,4.804253,1,55,1,5,"MLFH550520180412"
"55_1_6",114,9.20674929824561,4,55,1,6,"MLFH550620180222;MLFH550620180312;MLFH550620180326;MLFH550620180412"
"55_1_7",2,6.460837,1,55,1,7,"MLFH550720180412"
"55_1_8",25,5.53409296,3,55,1,8,"MLFH550820180312;MLFH550820180326;MLFH550820180412"
"55_1_9",3,5.447892,1,55,1,9,"MLFH550920180412"
"55_1_10",2,8.142347,1,55,1,10,"MLFH551020180412"
"55_1_11",3,5.977619,1,55,1,11,"MLFH551120180412"
"55_1_12",43,5.82765153488372,4,55,1,12,"MLFH551220180222;MLFH551220180312;MLFH551220180326;MLFH551220180412"
"55_2_1",3,2.74512266666667,2,55,2,1,"MLFH550120190506;MLFH550120190521"
"55_2_2",22,11.7238832727273,3,55,2,2,"MLFH550220190421;MLFH550220190506;MLFH550220190521"
"55_2_3",11,2.53786127272727,3,55,2,3,"MLFH550320190421;MLFH550320190506;MLFH550320190521"
"55_2_4",4,10.265779,1,55,2,4,"MLFH550420190506"
"55_2_5",44,3.80576538636364,4,55,2,5,"MLFH550520190405;MLFH550520190421;MLFH550520190506;MLFH550520190521"
"55_2_6",33,5.84676875757576,3,55,2,6,"MLFH550620190421;MLFH550620190506;MLFH550620190521"
"55_2_8",19,6.01305063157895,3,55,2,8,"MLFH550820190421;MLFH550820190506;MLFH550820190521"
"55_2_10",3,6.27473433333333,3,55,2,10,"MLFH551020190405;MLFH551020190506;MLFH551020190521"
"55_2_12",15,5.17486066666667,3,55,2,12,"MLFH551220190421;MLFH551220190506;MLFH551220190521"
"55_3_1",3,2.59396,1,55,3,1,"MLFH550120200228"
"55_3_2",68,10.6936515588235,2,55,3,2,"MLFH550220200214;MLFH550220200228"
"55_3_4",100,7.190707,1,55,3,4,"MLFH550420200228"
"55_3_6",100,6.431442,1,55,3,6,"MLFH550620200228"
"55_3_8",124,6.59724477419355,2,55,3,8,"MLFH550820200214;MLFH550820200228"
"55_3_10",9,6.890528,1,55,3,10,"MLFH551020200228"
"55_3_11",26,2.91459261538462,2,55,3,11,"MLFH551120200214;MLFH551120200228"
"55_3_12",101,3.98840635643564,2,55,3,12,"MLFH551220200214;MLFH551220200228"
"57_1_1",210,6.68872078095238,9,57,1,1,"MLFH570120180425;MLFH570120180508;MLFH570120180919;MLFH570120181003;MLFH570120181015;MLFH570120181030;MLFH570120181114;MLFH570120181128;MLFH570120181211"
"57_1_3",61,13.9887462131148,8,57,1,3,"MLFH570320180425;MLFH570320180508;MLFH570320180523;MLFH570320180606;MLFH570320180919;MLFH570320181003;MLFH570320181015;MLFH570320181030"
"57_1_4",65,8.18794484615385,8,57,1,4,"MLFH570420180411;MLFH570420180425;MLFH570420180508;MLFH570420180523;MLFH570420180919;MLFH570420181003;MLFH570420181015;MLFH570420181030"
"57_1_6",141,7.20555361702128,11,57,1,6,"MLFH570620180411;MLFH570620180425;MLFH570620180508;MLFH570620180523;MLFH570620180606;MLFH570620180919;MLFH570620181003;MLFH570620181015;MLFH570620181030;MLFH570620181114;MLFH570620181128"
"57_1_7",173,5.36995883815029,12,57,1,7,"MLFH570720180411;MLFH570720180425;MLFH570720180508;MLFH570720180523;MLFH570720180606;MLFH570720180919;MLFH570720181003;MLFH570720181015;MLFH570720181030;MLFH570720181114;MLFH570720181128;MLFH570720181211"
"57_1_9",196,4.68691091326531,9,57,1,9,"MLFH570920180328;MLFH570920180411;MLFH570920180425;MLFH570920180508;MLFH570920180523;MLFH570920180919;MLFH570920181003;MLFH570920181015;MLFH570920181030"
"57_1_10",72,5.44903066666667,8,57,1,10,"MLFH571020180425;MLFH571020180508;MLFH571020180523;MLFH571020180919;MLFH571020181003;MLFH571020181015;MLFH571020181030;MLFH571020181114"
"57_1_12",203,6.3772694729064,9,57,1,12,"MLFH571220180411;MLFH571220180425;MLFH571220180508;MLFH571220180606;MLFH571220180919;MLFH571220181003;MLFH571220181015;MLFH571220181030;MLFH571220181128"
"57_1_13",180,5.72488551666667,9,57,1,13,"MLFH571320180411;MLFH571320180425;MLFH571320180508;MLFH571320180523;MLFH571320180919;MLFH571320181003;MLFH571320181015;MLFH571320181030;MLFH571320181128"
"57_1_15",384,6.088934625,10,57,1,15,"MLFH571520180328;MLFH571520180411;MLFH571520180425;MLFH571520180508;MLFH571520180523;MLFH571520180919;MLFH571520181003;MLFH571520181015;MLFH571520181030;MLFH571520181128"
"57_1_16",300,6.18741120333333,12,57,1,16,"MLFH571620180328;MLFH571620180411;MLFH571620180425;MLFH571620180508;MLFH571620180523;MLFH571620180905;MLFH571620180919;MLFH571620181003;MLFH571620181015;MLFH571620181030;MLFH571620181114;MLFH571620181128"
"57_1_18",271,8.53882370479705,8,57,1,18,"MLFH571820180328;MLFH571820180411;MLFH571820180425;MLFH571820180523;MLFH571820180919;MLFH571820181003;MLFH571820181015;MLFH571820181030"
"57_2_1",249,17.0657579598394,17,57,2,1,"MLFH570120190116;MLFH570120190129;MLFH570120190213;MLFH570120190227;MLFH570120190313;MLFH570120190327;MLFH570120190410;MLFH570120190424;MLFH570120190508;MLFH570120190523;MLFH570120190605;MLFH570120190807;MLFH570120190821;MLFH570120190905;MLFH570120190918;MLFH570120191002;MLFH570120191016"
"57_2_3",360,6.877232375,12,57,2,3,"MLFH570320190116;MLFH570320190129;MLFH570320190223;MLFH570320190227;MLFH570320190313;MLFH570320190327;MLFH570320190410;MLFH570320190424;MLFH570320190508;MLFH570320190523;MLFH570320190605;MLFH570320190918"
"57_2_4",418,5.66360444497608,11,57,2,4,"MLFH570420190227;MLFH570420190313;MLFH570420190327;MLFH570420190410;MLFH570420190424;MLFH570420190508;MLFH570420190523;MLFH570420190605;MLFH570420190918;MLFH570420191002;MLFH570420191016"
"57_2_6",140,5.16320172142857,14,57,2,6,"MLFH570620190116;MLFH570620190227;MLFH570620190313;MLFH570620190327;MLFH570620190410;MLFH570620190424;MLFH570620190508;MLFH570620190523;MLFH570620190605;MLFH570620190807;MLFH570620190918;MLFH570620191002;MLFH570620191016;MLFH570620191026"
"57_2_7",236,6.33540206355932,15,57,2,7,"MLFH570720190116;MLFH570720190313;MLFH570720190327;MLFH570720190410;MLFH570720190424;MLFH570720190508;MLFH570720190523;MLFH570720190605;MLFH570720190724;MLFH570720190807;MLFH570720190918;MLFH570720191002;MLFH570720191016;MLFH570720191026;MLFH570720191113"
"57_2_9",209,4.76885328229665,9,57,2,9,"MLFH570920190116;MLFH570920190227;MLFH570920190313;MLFH570920190327;MLFH570920190410;MLFH570920190424;MLFH570920190508;MLFH570920190523;MLFH570920190605"
"57_2_10",205,5.75022093658537,15,57,2,10,"MLFH571020190227;MLFH571020190313;MLFH571020190327;MLFH571020190410;MLFH571020190424;MLFH571020190508;MLFH571020190523;MLFH571020190605;MLFH571020190724;MLFH571020190821;MLFH571020190905;MLFH571020190918;MLFH571020191002;MLFH571020191016;MLFH571020191026"
"57_2_12",409,6.06357871638142,16,57,2,12,"MLFH571220190313;MLFH571220190327;MLFH571220190410;MLFH571220190424;MLFH571220190508;MLFH571220190523;MLFH571220190605;MLFH571220190724;MLFH571220190807;MLFH571220190821;MLFH571220190905;MLFH571220190918;MLFH571220191002;MLFH571220191016;MLFH571220191026;MLFH571220191113"
"57_2_13",222,7.33424655855856,13,57,2,13,"MLFH571320190116;MLFH571320190313;MLFH571320190327;MLFH571320190410;MLFH571320190424;MLFH571320190508;MLFH571320190523;MLFH571320190605;MLFH571320190807;MLFH571320190821;MLFH571320190905;MLFH571320190918;MLFH571320191002"
"57_2_15",208,6.51073945673077,11,57,2,15,"MLFH571520190327;MLFH571520190410;MLFH571520190424;MLFH571520190508;MLFH571520190523;MLFH571520190605;MLFH571520190724;MLFH571520190807;MLFH571520190821;MLFH571520190905;MLFH571520190918"
"57_2_16",245,9.45822913061225,14,57,2,16,"MLFH571620190116;MLFH571620190313;MLFH571620190327;MLFH571620190410;MLFH571620190424;MLFH571620190508;MLFH571620190523;MLFH571620190605;MLFH571620190724;MLFH571620190807;MLFH571620190821;MLFH571620190905;MLFH571620190918;MLFH571620191002"
"57_2_18",89,9.78552124719101,8,57,2,18,"MLFH571820190116;MLFH571820190327;MLFH571820190410;MLFH571820190424;MLFH571820190508;MLFH571820190523;MLFH571820190605;MLFH571820190807"
"57_3_1",17,7.58706411764706,5,57,3,1,"MLFH570120200708;MLFH570120200722;MLFH570120200902;MLFH570120200916;MLFH570120200930"
"57_3_3",9,6.13928944444444,6,57,3,3,"MLFH570320200401;MLFH570320200415;MLFH570320200513;MLFH570320200722;MLFH570320200916;MLFH570320200930"
"57_3_4",14,7.698853,5,57,3,4,"MLFH570420200319;MLFH570420200401;MLFH570420200415;MLFH570420200429;MLFH570420200930"
"57_3_6",5,4.7500356,3,57,3,6,"MLFH570620200415;MLFH570620200429;MLFH570620200902"
"57_3_7",24,7.08783008333333,5,57,3,7,"MLFH570720200305;MLFH570720200319;MLFH570720200401;MLFH570720200415;MLFH570720200708"
"57_3_9",1,5.719438,1,57,3,9,"MLFH570920200429"
"57_3_10",10,4.6995808,3,57,3,10,"MLFH571020200319;MLFH571020200708;MLFH571020200930"
"57_3_12",30,6.52844523333333,10,57,3,12,"MLFH571220200305;MLFH571220200319;MLFH571220200401;MLFH571220200415;MLFH571220200429;MLFH571220200708;MLFH571220200722;MLFH571220200902;MLFH571220200916;MLFH571220200930"
"57_3_13",41,5.61742392682927,9,57,3,13,"MLFH571320200305;MLFH571320200319;MLFH571320200401;MLFH571320200415;MLFH571320200429;MLFH571320200513;MLFH571320200527;MLFH571320200722;MLFH571320200930"
"57_3_15",6,9.38875933333333,5,57,3,15,"MLFH571520200401;MLFH571520200415;MLFH571520200429;MLFH571520200513;MLFH571520200527"
"57_3_16",17,10.7240687058824,7,57,3,16,"MLFH571620200319;MLFH571620200401;MLFH571620200415;MLFH571620200429;MLFH571620200722;MLFH571620200916;MLFH571620200930"
"57_3_18",16,11.295024625,5,57,3,18,"MLFH571820200219;MLFH571820200305;MLFH571820200319;MLFH571820200401;MLFH571820200415"
"60_1_1",35,6.25953528571429,2,60,1,1,"MLFH600120180216;MLFH600120180420"
"60_1_2",3,6.901668,1,60,1,2,"MLFH600220180216"
"60_1_3",20,4.3528405,2,60,1,3,"MLFH600320180216;MLFH600320180420"
"60_1_4",20,4.4933485,2,60,1,4,"MLFH600420180216;MLFH600420180420"
"60_1_5",17,4.09747441176471,2,60,1,5,"MLFH600520180216;MLFH600520180420"
"60_1_6",16,3.652444,2,60,1,6,"MLFH600620180216;MLFH600620180420"
"60_1_7",11,4.69557754545455,2,60,1,7,"MLFH600720180216;MLFH600720180420"
"60_1_8",24,4.532203125,2,60,1,8,"MLFH600820180216;MLFH600820180420"
"60_1_9",7,1.17400171428571,2,60,1,9,"MLFH600920180216;MLFH600920180420"
"60_1_10",21,1.60939633333333,2,60,1,10,"MLFH601020180216;MLFH601020180420"
"60_1_11",20,6.99977475,2,60,1,11,"MLFH601120180216;MLFH601120180420"
"60_1_12",20,8.074606,2,60,1,12,"MLFH601220180216;MLFH601220180420"
