"site","year","bio1","bio2","bio3","bio4","bio5","bio6","bio7","bio8","bio9","bio10","bio11","bio12","bio13","bio14","bio15","bio16","bio17","bio18","bio19"
1,2017,10.4081201996928,9.1650153609831,29.1589897222616,736.919738037232,25.3666666666667,-6.06451612903226,31.4311827956989,NA,NA,19.7680286738351,1.41140552995392,NA,NA,NA,NA,NA,NA,NA,NA
1,2018,11.4106016385049,9.60069124423963,31.0692714935501,762.589121443537,27.258064516129,-3.64285714285714,30.9009216589862,NA,NA,20.4571326164875,2.6957757296467,NA,NA,NA,NA,NA,NA,NA,NA
1,2019,10.8471799795187,10.1104262672811,35.2160914927769,691.445949435451,26.4838709677419,-2.2258064516129,28.7096774193548,NA,NA,20.1547311827957,2.79585253456221,NA,NA,NA,NA,NA,NA,NA,NA
1,2020,11.2476087628229,10.483027437894,37.6562978649725,641.351351971309,26.8709677419355,-0.967741935483871,27.8387096774194,NA,NA,19.4120071684588,4.09262143121987,NA,NA,NA,NA,NA,NA,NA,NA
1,2021,9.90773297491039,9.45793536027685,34.784196959139,664.49441665374,25.9,-1.29032258064516,27.1903225806452,NA,NA,18.7490322580645,2.8852688172043,NA,NA,NA,NA,NA,NA,NA,NA
2,2017,15.5858723758321,10.6467125951233,35.8241713284297,660.189028782005,29.9741935483871,0.254838709677419,29.7193548387097,9.69320276497696,22.4884946236559,24.1018279569893,7.4605376344086,10.2626344086021,2.52322580645161,0.0570967741935484,39.1460158074177,4.86241935483871,0.28358064516129,1.33324731182796,2.44911827956989
2,2018,16.1994156426011,9.93127432155658,32.8895311373945,665.930133301009,31.2387096774194,1.04285714285714,30.1958525345622,10.8569892473118,24.3914695340502,24.569247311828,8.57246543778802,29.1473678955453,6.47258064516129,0.0756666666666667,53.3561060880123,12.1314193548387,1.62405376344086,3.07238709677419,9.77777649769585
2,2019,15.9942332309268,10.8648732718894,35.1137480638627,649.58661735872,31.9516129032258,1.00967741935484,30.941935483871,16.6809677419355,24.2567383512545,24.2567383512545,8.74109062980031,13.0881927803379,4.28548387096774,0.00806451612903226,57.9087926683869,8.10415053763441,0.614204301075269,0.614204301075269,1.99273041474654
2,2020,15.8134936967,11.2647168860953,39.4850998947256,601.974051570598,30.9645161290323,2.43548387096774,28.5290322580645,17.9989964157706,10.3902113459399,23.633476702509,9.24935113088617,11.6390300333704,2.20933333333333,0.148965517241379,33.744432769259,4.78496774193548,1.91896551724138,2.10079569892473,2.86057842046719
2,2021,15.3456075268817,10.4321376838462,37.647993969643,636.896607735771,29.5354838709677,1.8258064516129,27.7096774193548,15.6369892473118,9.4530752688172,23.7868100358423,8.47853046594982,19.0771204301075,4.30066666666667,0.171612903225806,48.9447338559498,10.4890537634409,2.10910967741935,2.72252688172043,4.86096774193548
3,2017,7.67006495923431,8.88555738705739,24.420394251461,998.079761480842,23.9258064516129,-12.46,36.3858064516129,2.55630438378825,-2.40195852534562,18.729247311828,-4.47352841781874,60.7054625576037,14.985,1.61,64.4452740620476,23.605,6.46236175115207,18.1492083333333,19.1205875576037
3,2018,7.66719854070661,9.78520929339478,24.6960423426881,1055.35836157069,27.5548387096774,-12.0677419354839,39.6225806451613,-2.7031541218638,17.6527240143369,20.7943010752688,-4.11013824884793,33.1469042008949,5.1712,1.62225806451613,26.2246796458948,9.82031556802244,6.43629032258064,6.8432688172043,8.31888699659387
3,2019,7.00259856630824,10.126250640041,25.2200345337246,1044.22643454875,27.1903225806452,-12.9612903225806,40.1516129032258,4.5731541218638,19.4672043010753,19.6238709677419,-5.2741935483871,33.8091958525346,4.44870967741936,0.876451612903226,25.589684586316,10.8845698924731,5.62849462365591,5.62882795698925,7.84342165898618
3,2020,8.59506365097021,9.93662711654925,27.8165284961365,928.729022002181,28.0806451612903,-7.64137931034483,35.7220244716352,20.5915053763441,1.01835496230379,20.5915053763441,-2.56010381905821,29.9064530960326,4.07967741935484,1.33068965517241,22.7318478259288,9.56567741935484,5.42795847237671,9.56567741935484,7.4174638487208
3,2021,8.71182974910394,9.9953064516129,27.7149723972365,970.841973921871,26.4806451612903,-9.584,36.0646451612903,19.7264516129032,-2.94296774193548,20.2108960573477,-3.19995698924731,24.2495935483871,4.352,0.786451612903226,33.217189716057,8.01145161290323,4.20781935483871,7.32511827956989,4.92007741935484
4,2017,18.4832520481311,14.903424859191,42.2424952578331,708.455928309518,36.1612903225806,0.880645161290323,35.2806451612903,14.8970967741935,27.0572401433692,27.0572401433692,9.8892089093702,12.1628517665131,4.276,0.017,59.209213750352,6.43890322580645,0.25441935483871,0.25441935483871,2.29455069124424
4,2018,17.1584395801331,12.4900524833589,37.8106273386469,654.989272570735,35.1903225806452,2.15714285714286,33.0331797235023,14.9716129032258,24.6857347670251,25.9601792114695,9.77196620583717,20.6470437788018,7.47225806451613,0,82.9805279297466,10.9063225806452,0.0253333333333333,0.415,2.34872119815668
4,2019,17.6881368407578,14.2040220174091,43.6440363306257,605.983027072564,35.158064516129,2.61290322580645,32.5451612903226,14.9466666666667,22.7668817204301,25.188853046595,10.5903609831029,10.8514316436252,2.67935483870968,0,50.366059225637,5.1221935483871,0,0.601333333333333,4.69889400921659
4,2020,18.2823606476332,14.2160848473613,42.4360741712277,634.205662091109,37.7193548387097,4.21935483870968,33.5,16.7308243727599,26.1517562724014,26.557311827957,11.1682239525399,12.0097100482017,2.25322580645161,0,46.751377290569,5.55285799035966,0.107817204301075,0.277150537634409,3.13136818687431
4,2021,18.0488154121864,14.5152616487455,44.5959475828653,623.951125977189,37.0516129032258,4.50322580645161,32.5483870967742,11.0075985663082,25.5512544802867,25.7556989247312,11.0075985663082,12.071064516129,3.27741935483871,0,47.8659654528928,7.07717204301075,0.575666666666667,1.143,7.07717204301075
5,2017,15.9714983358935,14.4166647465438,41.103339201955,823.77986061063,34.0741935483871,-1,35.0741935483871,26.5785663082437,15.768853046595,26.5785663082437,6.26624423963134,8.84703840245776,2.31838709677419,0,36.1019151536151,3.43270967741935,0.842032258064516,3.43270967741935,2.67138248847926
5,2018,15.0558371735791,12.1974039938556,34.6266697628073,819.482291717919,35.2290322580645,0.00357142857142857,35.2254608294931,12.8028673835125,25.8729749103943,25.8729749103943,5.77227342549923,18.0844938556068,4.62870967741936,0.0329032258064516,53.4523550513427,8.41975268817204,0.23405376344086,0.23405376344086,3.38079493087558
5,2019,15.5916737071173,13.7363344854071,37.3139124647405,788.18532620033,35.2806451612903,-1.53225806451613,36.8129032258065,11.2783154121864,23.5356630824373,26.0872759856631,6.5918202764977,11.0418732718894,2.74366666666667,0,44.0059164751513,3.94156989247312,0.633376344086022,2.05886021505376,2.74874423963134
5,2020,15.6264973427265,12.9635011123471,36.2795463106219,772.954264709162,36.9483870967742,1.21612903225806,35.7322580645161,14.6056630824373,7.23989618094179,25.8953405017921,7.23989618094179,13.8785561735261,3.22633333333333,0.00862068965517241,46.021715430165,6.21697849462366,0.811201334816463,1.27124731182796,0.811201334816463
5,2021,15.0576594982079,13.4174516129032,36.2855273488616,797.128205513024,35.0548387096774,-1.92258064516129,36.9774193548387,14.7401433691756,25.4594265232975,25.4594265232975,6.17060931899642,13.9413790322581,2.557,0.106451612903226,41.4530522637962,5.70845161290323,1.40460215053763,1.40460215053763,3.69259139784946
6,2017,16.9203507424475,7.99154633896569,32.6228517919326,624.609893026067,29.2612903225806,4.76451612903226,24.4967741935484,11.0893241167435,24.9541577060932,24.9541577060932,9.73125960061444,41.0883481240981,11.6533333333333,0.508333333333333,83.9692784856551,17.2085227272727,2.99174603174603,2.99174603174603,7.38685606060606
6,2018,17.0164701740911,7.70475806451613,29.5310954500495,623.331855217908,30.3903225806452,4.3,26.0903225806452,22.623835125448,21.8939426523298,25.1453405017921,10.0968125960061,70.6104813519813,27.1772727272727,1.1525,100.731468713443,32.8336188811189,8.3527972027972,29.9225,14.0850909090909
6,2019,16.7721895801331,7.98440348182284,31.8472089470545,597.802967450254,29.4677419354839,4.39677419354839,25.0709677419355,24.2319713261649,12.4983640552995,24.6297491039427,10.2442780337942,81.0215154061625,18.795,0.05,74.3936799562201,38.869,1.81066666666667,31.3411428571429,15.6283333333333
6,2020,17.121212458287,7.67171579532814,32.7129559360622,562.753014523648,29.458064516129,6.00645161290323,23.4516129032258,24.3722222222222,10.8186132740082,24.3722222222222,10.8186132740082,79.3685272483365,20.1846153846154,0.145714285714286,78.3991736432465,26.175236985237,12.1324314574315,26.175236985237,12.1324314574315
6,2021,16.6433126550868,7.33989316239316,31.1779512241968,584.120053230665,28.4258064516129,4.88387096774194,23.541935483871,17.7364874551971,24.014623655914,24.0168458781362,10.5615770609319,22.1313917357153,5.79590909090909,0.0625,57.1758623291548,11.2230303030303,1.91456043956044,3.78238095238095,9.01076203208556
7,2017,12.0329857910906,9.00786034306196,26.2176012238213,960.336703974645,29.2,-5.15806451612903,34.358064516129,10.544229390681,0.501190476190476,23.3281362007168,0.501190476190476,34.8179527517347,7.98032258064516,0.143666666666667,59.287968097979,14.3864597701149,3.55021044546851,6.45395995550612,3.55021044546851
7,2018,11.0008781362007,8.7072414234511,23.4350133814016,1087.77958302857,30.2516129032258,-6.90322580645161,37.1548387096774,22.2194265232975,-0.0563799283154123,24.0710394265233,-0.991935483870968,32.6126675141692,5.6051724137931,0.745483870967742,45.4727545539621,10.8161401557286,4.70781720430108,9.32420467185762,6.74629339477727
7,2019,10.5695282898105,8.94389912954429,23.0015657056473,1070.2367737928,30.8032258064516,-8.08064516129032,38.8838709677419,18.910788530466,-0.225232974910394,23.5236917562724,-1.84281874039939,36.7477211981567,5.93533333333333,1.143,39.6756037091036,12.6762688172043,4.08332258064516,12.3356666666667,4.9635599078341
7,2020,11.8076921888518,9.03743789395625,25.3474120108653,979.538155740277,31.0129032258065,-4.64137931034483,35.6542825361513,15.7572759856631,-0.130700778642937,24.6531182795699,-0.130700778642937,31.0825349329943,6.34161290322581,0.507857142857143,45.6728445189791,13.8787853170189,4.3181797235023,5.73259176863181,4.3181797235023
7,2021,12.3074903993856,8.84808883768561,22.3002555513292,1054.48146807201,30.1806451612903,-9.49642857142857,39.6770737327189,21.3568458781362,0.0295314900153609,24.5471684587814,-0.921006144393241,24.2089434292071,5.55516129032258,0.580714285714286,56.2498452309248,9.65734408602151,2.03268202764977,9.5015376344086,3.25237168282218
9,2017,11.8191903481823,11.0643900409626,34.1289643054568,873.33523495254,28.4645161290323,-3.95483870967742,32.4193548387097,15.8378494623656,2.68942652329749,21.9326164874552,1.6207757296467,32.6768664918693,4.57266666666667,1.22838709677419,29.986439034393,11.0898045977011,5.22821428571429,8.3519766407119,5.31
9,2018,11.3478808243728,10.7566717869944,28.6745915725192,933.905686839688,29.9903225806452,-7.52258064516129,37.5129032258064,18.7831541218638,1.15940860215054,22.6523297491039,1.13682795698925,50.6372463583876,7.806,1.39766666666667,35.1599948414746,18.5427204301075,8.29004761904762,14.3501019651465,9.98209062980031
9,2019,11.1423591909882,11.2505088325653,30.5613191210589,924.288488445996,30.5451612903226,-6.26774193548387,36.8129032258065,19.9717562724014,21.9817921146953,22.4373476702509,0.2678955453149,45.7548543649322,6.56258064516129,0.703,38.2130213814831,14.1625483870968,9.34358064516129,11.0695806451613,12.1111947431302
9,2020,11.9074190458534,11.3726081448523,33.4203102180701,827.26805543518,31.1129032258065,-2.91612903225806,34.0290322580645,21.9732974910394,2.10103819058213,22.7810752688172,2.10103819058213,34.5103396366333,4.6458064516129,1.52366666666667,25.2521794229143,10.5974731182796,6.36521690767519,9.0818064516129,6.36521690767519
9,2021,11.7366493855607,11.0891301843318,33.2552454921417,880.066647107727,28.441935483871,-4.90357142857143,33.3455069124424,19.1457347670251,3.37749103942652,22.3063799283154,1.04788786482335,38.8719760639394,7.90766666666667,1.03193548387097,44.9143619206437,16.3175698924731,4.06473859844271,10.6967931034483,5.26980884109916
10,2017,21.7509165386585,12.0679691500256,37.8153283787318,616.563385790573,38.5387096774194,6.6258064516129,31.9129032258065,25.5275268817204,21.9869892473118,29.2789605734767,13.9302611367127,29.0333065840352,8.56225806451613,0.188387096774194,64.2849088504998,11.4499247311828,3.311,11.3586451612903,8.81191244239631
10,2018,20.7357597286226,11.3536731950845,33.2794883743967,774.195004624828,38.0838709677419,3.96774193548387,34.1161290322581,19.9671684587814,13.7014976958525,30.1233691756272,11.2509600614439,35.9471926744001,6.73933333333333,0.229032258064516,57.5818829605312,14.8133793103448,4.90607142857143,6.56643010752688,7.33643701996928
10,2019,20.9091967485919,12.024041218638,36.8143484224966,754.733977944036,38.7290322580645,6.06774193548387,32.6612903225806,23.9810752688172,30.3301075268817,30.3301075268817,12.1550307219662,27.3353409343715,6.46033333333333,0.449,69.1438717869995,16.2534086021505,2.28717204301075,2.28717204301075,3.98572580645161
10,2020,21.6355543196144,12.2442303176369,37.4589104753521,662.293480869362,39.2322580645161,6.54516129032258,32.6870967741935,21.8186738351254,17.4874193548387,29.9728673835125,12.9015004325794,29.064217013613,6.94,0.147741935483871,57.7772274443078,12.6884946236559,3.21533333333333,3.81743010752688,6.45549658350548
10,2021,20.9607846902202,11.7165981822837,37.3988071451978,674.094787856274,35.4645161290323,4.13571428571429,31.328801843318,26.4053405017921,15.663425499232,28.2870609318996,12.6933179723502,34.8311902907993,6.527,1.01586206896552,41.7219782257584,14.6174827586207,4.7982881773399,11.0401601779755,5.71202380952381
11,2017,14.2097830261137,13.8328462621608,36.9129925219062,855.200073343712,32.7161290322581,-4.75806451612903,37.4741935483871,18.9963440860215,3.4665514592934,24.0672043010753,3.4665514592934,35.069545950527,7.46172413793103,0.0632142857142857,61.4240197025614,18.1031181471476,1.07805299539171,11.5012219662058,1.07805299539171
11,2018,13.2524987199181,13.4929595494112,32.3872819227058,1077.23184582589,33.5290322580645,-8.13225806451613,41.6612903225806,6.62046594982079,5.94816692268305,25.8620788530466,1.13701996927803,29.3222178876,4.7358064516129,0.381,29.7676729000954,10.1375305895439,5.84626497695853,6.29704597701149,7.48397465437788
11,2019,12.9258192524322,12.7959005376344,33.6877211606511,1006.6390050488,32.1032258064516,-5.88064516129032,37.9838709677419,22.416523297491,2.60562724014337,24.6834408602151,1.01689708141321,43.1943841834843,6.29933333333333,1.47483870967742,34.5644844254165,13.6105977011494,7.36188172043011,10.4694794215795,8.8121198156682
11,2020,13.342768508219,12.8858277715981,35.0726595740386,900.049974584115,32.6645161290323,-4.07586206896552,36.7403781979978,3.94835001853912,8.33017921146953,24.8575627240143,1.77523173896923,40.8094419725621,6.94,0.73741935483871,41.9126814431365,14.3003559510567,4.46670967741936,10.8850430107527,9.75293659621802
11,2021,13.9431899641577,12.9948169482847,30.7048019510147,987.17023972161,33.0967741935484,-9.225,42.3217741935484,22.4688888888889,1.34086021505376,25.2463082437276,1.34086021505376,46.647109354309,9.17766666666667,0.943214285714286,52.8178255236658,21.0813333333333,5.26902073732719,15.582367816092,5.26902073732719
12,2017,14.1121614183308,9.74354326676907,30.5873256982118,856.405317488899,30.8903225806452,-0.964516129032258,31.8548387096774,17.9987813620072,16.3260931899642,24.0998924731183,4.08506144393241,36.9881593569575,5.172,1.36964285714286,31.1147253878503,14.2271724137931,6.51133333333333,10.6235817575083,7.08997619047619
12,2018,13.6711271121352,9.77319956477215,25.9591454466572,955.659416657747,32.2096774193548,-5.43870967741935,37.6483870967742,25.2496415770609,3.22085253456221,25.270752688172,3.22085253456221,51.4740488638169,6.78166666666667,1.52379310344828,28.5167275562933,15.4523333333333,10.469242412204,14.673,10.469242412204
12,2019,13.3102944188428,9.86569956477214,27.1661650833129,946.167968822777,33.0451612903226,-3.27096774193548,36.3161290322581,22.0054480286738,15.0794265232975,24.8667383512545,2.30637480798771,45.5891497166163,5.86677419354839,0.541666666666667,31.8126275811912,14.6225483870968,6.79131182795699,12.3364193548387,13.6500837173579
12,2020,14.5672599184279,9.66592850080336,28.8762418991328,864.0088002411,33.5322580645161,0.0586206896551724,33.473637374861,21.1375627240143,16.5585663082437,25.9366308243728,4.41635150166852,36.5081604428201,4.97322580645161,0.931333333333333,30.4327605191427,12.9431182795699,5.95470114942529,9.28843010752688,7.82193241167435
12,2021,14.4261258320533,9.58871799795187,29.2766744365651,887.389460794746,30.8806451612903,-1.87142857142857,32.7520737327189,24.5860215053763,6.41394265232975,25.032688172043,3.76862519201229,44.2890023894863,8.57709677419355,0.761,52.6746281831031,22.1577634408602,4.79059139784946,16.0027634408602,7.64144324970131
13,2017,21.7509165386585,12.0679691500256,37.8153283787318,616.563385790573,38.5387096774194,6.6258064516129,31.9129032258065,25.5275268817204,21.9869892473118,29.2789605734767,13.9302611367127,29.0333065840352,8.56225806451613,0.188387096774194,64.2849088504998,11.4499247311828,3.311,11.3586451612903,8.81191244239631
13,2018,20.7357597286226,11.3536731950845,33.2794883743967,774.195004624828,38.0838709677419,3.96774193548387,34.1161290322581,19.9671684587814,13.7014976958525,30.1233691756272,11.2509600614439,35.9471926744001,6.73933333333333,0.229032258064516,57.5818829605312,14.8133793103448,4.90607142857143,6.56643010752688,7.33643701996928
13,2019,20.9091967485919,12.024041218638,36.8143484224966,754.733977944036,38.7290322580645,6.06774193548387,32.6612903225806,23.9810752688172,30.3301075268817,30.3301075268817,12.1550307219662,27.3353409343715,6.46033333333333,0.449,69.1438717869995,16.2534086021505,2.28717204301075,2.28717204301075,3.98572580645161
13,2020,21.6355543196144,12.2442303176369,37.4589104753521,662.293480869362,39.2322580645161,6.54516129032258,32.6870967741935,21.8186738351254,17.4874193548387,29.9728673835125,12.9015004325794,29.064217013613,6.94,0.147741935483871,57.7772274443078,12.6884946236559,3.21533333333333,3.81743010752688,6.45549658350548
13,2021,20.9607846902202,11.7165981822837,37.3988071451978,674.094787856274,35.4645161290323,4.13571428571429,31.328801843318,26.4053405017921,15.663425499232,28.2870609318996,12.6933179723502,34.8311902907993,6.527,1.01586206896552,41.7219782257584,14.6174827586207,4.7982881773399,11.0401601779755,5.71202380952381
19,2017,10.1740796210957,8.18169482846902,29.3941751930626,697.414484115115,23.8666666666667,-3.96774193548387,27.8344086021505,NA,NA,18.7409677419355,1.3673579109063,NA,NA,NA,NA,NA,NA,NA,NA
19,2018,11.2234235791091,9.35328341013825,28.7803537877982,826.796511178699,27.6774193548387,-4.82142857142857,32.4988479262673,NA,NA,20.8493906810036,1.2107910906298,NA,NA,NA,NA,NA,NA,NA,NA
19,2019,11.4155497951869,9.19322836661546,30.5411959025233,714.815432877419,29.1333333333333,-0.967741935483871,30.1010752688172,NA,NA,21.246917562724,3.253955453149,NA,NA,NA,NA,NA,NA,NA,NA
19,2020,11.2946051167964,9.0984149054505,33.5774835796388,646.051709119591,27.6451612903226,0.548387096774194,27.0967741935484,NA,NA,19.9675268817204,4.33971078976641,NA,NA,NA,NA,NA,NA,NA,NA
19,2021,10.0449068100358,8.3305017921147,28.2071166775893,752.852242348092,26.9333333333333,-2.6,29.5333333333333,NA,NA,19.9759139784946,1.26937634408602,NA,NA,NA,NA,NA,NA,NA,NA
20,2017,18.0388408858167,12.9759664618536,37.558819824226,803.104734461471,34.8709677419355,0.32258064516129,34.5483870967742,NA,NA,28.2561290322581,8.27292626728111,NA,NA,NA,NA,NA,NA,NA,NA
20,2018,16.2728787718276,11.4497468527641,34.5382459364005,756.87704182029,34.258064516129,1.10714285714286,33.1509216589862,NA,NA,26.1935842293907,8.13110599078341,NA,NA,NA,NA,NA,NA,NA,NA
20,2019,16.7146935789978,12.7807473452214,38.6826493499437,681.581835307264,33.44,0.4,33.04,NA,NA,25.259955831608,9.23570916538658,NA,NA,NA,NA,NA,NA,NA,NA
20,2020,16.7118925349153,12.7622419972809,36.5477599922133,687.971234312111,36.5,1.58064516129032,34.9193548387097,NA,NA,25.9507885304659,9.36473859844271,NA,NA,NA,NA,NA,NA,NA,NA
20,2021,16.0920542114695,12.8607078853047,40.1088475296222,700.951916378164,34.8064516129032,2.74193548387097,32.0645161290323,NA,NA,25.1325448028674,8.26953405017921,NA,NA,NA,NA,NA,NA,NA,NA
21,2017,16.7808621351767,17.6276862519201,44.8688951317451,823.216088605529,37.8677419354839,-1.41935483870968,39.2870967741936,11.5642652329749,27.2658064516129,27.2658064516129,7.01301843317972,19.9637090643275,5.21533333333333,0,60.8658295962039,11.031,0.351313131313131,0.351313131313131,5.66190350877193
21,2018,15.2101062467998,15.2152662570405,41.4336483515488,757.252924033832,36.5612903225806,-0.160714285714286,36.7220046082949,10.6989605734767,24.9532974910394,24.9532974910394,6.66175115207373,35.0225875002191,7.87,0,59.491202673233,14.708477443609,1.945,1.945,11.2835606060606
21,2019,15.8969412442396,16.6736943164363,43.889320184217,763.584035746459,35.9354838709677,-2.05483870967742,37.9903225806452,7.34443164362519,25.0932258064516,25.6687813620072,7.34443164362519,NA,NA,NA,NA,NA,NA,NA,15.350119047619
21,2020,16.5237968112718,16.4257279693487,42.4791496662892,748.101979756991,38.6935483870968,0.0258064516129032,38.6677419354839,15.3295340501792,26.3016129032258,26.3016129032258,8.13626251390434,10.2533655913979,2.117,0,39.3714014919508,4.28482795698925,0.372118279569893,0.372118279569893,2.10808602150538
21,2021,16.3785107526882,15.9394211469534,44.6845772793955,753.912983918829,36.8258064516129,1.15483870967742,35.6709677419355,7.94093189964158,25.7884229390681,26.0284229390681,7.94093189964158,9.33313172043011,1.85967741935484,0,37.5644381422781,4.3148064516129,0.237,0.330333333333333,4.3148064516129
23,2017,9.22017601126472,11.7135663082437,28.1816496356659,1112.69278048144,30.5838709677419,-10.9806451612903,41.5645161290323,22.0968817204301,-3.8747311827957,22.0968817204301,-4.43782642089094,27.6675547433656,5.6041935483871,0.389666666666667,55.9690510220079,11.8230430107527,1.84740860215054,11.8230430107527,2.0563133640553
23,2018,8.10344662058372,11.2429755504352,24.9832388107506,1283.30781197335,30.1806451612903,-14.8214285714286,45.0020737327189,21.8541577060932,-5.61793394777266,23.3041577060932,-6.82546082949309,29.1301255304248,6.04379310344828,0.967096774193548,41.8720831981516,12.0008898776418,3.73427718040621,9.26778642936596,4.01234169653524
23,2019,7.3333595750128,11.1629038658474,24.7886833697185,1258.1682875067,29.7322580645161,-15.3,45.0322580645161,21.5963799283154,-4.91863799283154,22.2341577060932,-8.26347926267281,38.1756792202977,6.21806451612903,0.376451612903226,46.7524774304295,15.4787656655543,3.98043381535039,13.761524286244,4.81013824884793
23,2020,8.84788870349771,11.8397756766778,28.2408021579553,1118.45290059837,30.5967741935484,-11.3275862068966,41.9243604004449,23.3627598566308,-5.11034482758621,23.3627598566308,-5.11034482758621,26.8923448275862,5.99366666666667,0.551379310344828,55.4879726993368,13.2580344827586,2.01718576195773,13.2580344827586,2.01718576195773
23,2021,9.69347926267281,12.0456394009217,25.4063604097178,1244.35302016805,31.9833333333333,-15.4285714285714,47.4119047619048,18.5598566308244,-6.82135176651306,24.3786021505376,-6.82135176651306,22.8764167181642,5.76838709677419,0.403703703703704,49.1878276931798,9.36385984427141,2.91854241338112,8.27444456803856,2.91854241338112
24,2017,9.33583205325141,9.53208589349718,27.3986706257221,802.105232336671,26.3225806451613,-8.46774193548387,34.7903225806452,16.8182078853047,-0.817281105990784,19.2382078853047,-0.817281105990784,48.3184170506912,7.89032258064516,1.90096774193548,35.3381687432695,19.412,6.65641705069124,17.8543333333333,6.65641705069124
24,2018,10.2586735482105,9.75410189010717,30.5735885680296,781.157530592297,27.6322580645161,-4.27142857142857,31.9036866359447,18.9446594982079,4.95652585765489,18.9446594982079,0.406490015360983,37.2248553419143,5.93225806451613,0.262,47.9485743623709,13.4634408602151,3.27693394777266,13.4634408602151,12.4556221198157
24,2019,9.965136968766,9.79937275985663,29.8730026572962,767.374077404272,28.5066666666667,-4.29677419354839,32.8034408602151,17.356523297491,5.86352278545827,20.1758781362007,0.63778801843318,48.2036843317972,8.57838709677419,1.236,46.210695375995,15.6737204301075,7.40207142857143,11.0279139784946,13.5667165898618
24,2020,9.85373748609566,10.0346242738846,35.5187659842911,672.648492526701,25.6612903225806,-2.59032258064516,28.2516129032258,14.5625089605735,2.10784946236559,18.1711111111111,1.91624026696329,47.5219715980719,7.628,0.609666666666667,53.0315864873605,20.1634838709677,3.79644086021505,19.8719032258065,7.53056729699666
24,2021,9.06914047422112,9.60732423490488,31.7885634840486,725.239471650794,26.1,-4.12258064516129,30.2225806451613,18.3581003584229,4.87580920871244,18.3581003584229,0.974483043837882,44.0431129032258,10.461935483871,0.709166666666667,61.6442442096006,22.2701290322581,4.88683333333333,22.2701290322581,5.36271505376344
25,2017,9.29121863799283,9.96359447004608,28.9205457463884,776.912003581417,24.9354838709677,-9.51612903225806,34.4516129032258,NA,NA,18.9813620071685,-0.363440860215054,NA,NA,NA,NA,NA,NA,NA,NA
25,2018,10.3278757040451,10.2044610855095,31.9291742266761,768.114638944671,26.7096774193548,-5.25,31.9596774193548,NA,NA,19.196917562724,1.51125192012289,NA,NA,NA,NA,NA,NA,NA,NA
25,2019,9.98484639016897,10.0922113635962,34.812161405309,709.183624318342,26.1333333333333,-2.85714285714286,28.9904761904762,NA,NA,19.5191756272401,1.44508448540707,NA,NA,NA,NA,NA,NA,NA,NA
25,2020,9.78816988011371,10.4601656161167,38.4200395852627,637.385482492081,24.9032258064516,-2.32258064516129,27.2258064516129,NA,NA,17.9333691756272,2.34548387096774,NA,NA,NA,NA,NA,NA,NA,NA
25,2021,8.74475985663083,9.89991039426523,33.2331672923284,691.504549953174,25.4666666666667,-4.32258064516129,29.789247311828,NA,NA,17.9791397849462,1.46176344086022,NA,NA,NA,NA,NA,NA,NA,NA
26,2017,20.1845001280082,13.7068111736929,44.0141618312441,621.022842619154,36.5096774193548,5.36785714285714,31.1418202764977,12.4011904761905,25.8800358422939,27.3800358422939,12.4011904761905,4.03794316436252,1.77785714285714,0,43.9701713019782,3.45721198156682,0,0,3.45721198156682
26,2018,20.9990925101965,12.7820427017674,46.4529101705497,565.711114369944,35.0451612903226,7.52903225806452,27.5161290322581,14.9720430107527,26.9964775676678,26.9964775676678,13.5139784946237,5.59793548387097,3.71193548387097,0,74.932825999446,5.20887096774194,0,0,5.12693548387097
26,2019,20.3746370967742,13.3467005888377,44.9872478258093,633.054693695811,35.5516129032258,5.88387096774194,29.6677419354839,12.7137096774194,12.7137096774194,27.4569534050179,12.5298387096774,0,0,0,0,0,0,0,0
26,2020,20.5548109010011,12.6875862068966,42.7452993302219,614.172664092043,36.5366666666667,6.85483870967742,29.6818279569892,19.1732258064516,26.4959139784946,27.6081362007168,12.8977382276604,0.877924951267057,0.300740740740741,0,10.946799369728,0.624240740740741,0,0,0.253684210526316
26,2021,20.9237383512545,13.7639462365591,48.4260961676692,555.321128453414,36.7290322580645,8.30645161290323,28.4225806451613,13.9774623655914,23.1014695340502,27.3836559139785,13.9774623655914,3.63682456140351,1.29,0,36.8509758891598,2.18382456140351,0,1.016,2.18382456140351
27,2017,6.31130376344086,8.57122311827957,29.7212434750186,708.946747794401,22.2677419354839,-6.57096774193548,28.8387096774194,11.2653046594982,-1.48564516129032,15.3631541218638,-1.87661290322581,23.7831100693893,3.971,0.716428571428571,37.0596215617468,10.3126129032258,2.61977673605594,8.24805376344086,3.90384792626728
27,2018,7.0965034562212,9.51529249871992,24.5971311413027,975.975894875965,26.1774193548387,-12.5071428571429,38.6845622119816,13.3569534050179,6.28673835125448,18.3387813620072,-4.56678187403994,16.8032584882674,3.28448275862069,0.319354838709677,37.7287763484115,7.65222469410456,2.24839784946237,4.73244086021505,2.40244239631336
27,2019,7.33840565796211,9.73096646185356,28.4742461536064,751.657190279939,24.4133333333333,-9.76129032258065,34.174623655914,7.05182795698925,2.91871223758321,16.9239426523297,-1.43652073732719,22.9390576036866,2.85193548387097,0.144,25.2463930880486,8.05893548387097,3.25228341013825,6.60525806451613,4.7953801843318
27,2020,8.19203992089976,8.76699357310592,32.2231866408531,666.689099192099,24.42,-2.78709677419355,27.2070967741936,17.1056989247312,5.57243727598566,17.1056989247312,1.14586577678903,23.0264898034854,3.80166666666667,0.82741935483871,32.4279723826201,8.48005376344086,3.30140860215054,8.48005376344086,4.86275862068965
27,2021,6.42718637992832,9.40175627240143,24.153976825501,964.617664425228,28.1322580645161,-10.792,38.9242580645161,11.1250896057348,-0.267455197132616,19.0805376344086,-5.58838709677419,22.1278688172043,4.20354838709677,0.557096774193548,38.1994634150372,7.7079247311828,2.6838688172043,7.07197849462366,3.84669677419355
28,2017,15.754053246994,12.1791245784558,38.5218714347647,689.624112103599,31.8677419354839,0.251612903225806,31.6161290322581,19.7277777777778,10.315770609319,23.9093906810036,7.17598566308244,31.4174955623827,6.29933333333333,0.916071428571429,47.0422019399632,15.4317849462366,4.21461290322581,8.86212903225806,5.9671935483871
28,2018,15.1596281362007,11.1207814900154,32.3612340364664,820.002241836982,30.7161290322581,-3.64838709677419,34.3645161290323,15.7335842293907,6.5744623655914,24.3082078853047,5.68387096774194,58.5973955453149,11.4463333333333,1.91464285714286,43.0799420894722,22.7080967741935,8.95270737327189,13.6464086021505,15.865311827957
28,2019,15.7499929595494,11.9467153097798,36.6391150181218,785.362520693184,33.0967741935484,0.490322580645161,32.6064516129032,10.9543804403482,24.4344802867383,24.4344802867383,6.75082437275986,36.0723356374808,5.613,0.44,36.4158737329403,13.6173571428571,5.2741935483871,5.2741935483871,8.79418279569892
28,2020,15.5736049314053,10.9944172537387,33.8189060196369,679.949030085409,32.7451612903226,0.235483870967742,32.5096774193548,20.2638709677419,9.71323692992213,24.3697491039427,6.93259176863181,50.8125743418613,7.10290322580645,1.57322580645161,32.6954072931722,15.0161075268817,10.1911012235818,10.879376344086,14.247552836485
28,2021,15.163622311828,11.7997839861751,38.0361135043598,731.041500474407,31.141935483871,0.119354838709677,31.0225806451613,23.911541218638,14.9045967741935,23.911541218638,6.4005376344086,36.8708885715401,6.49535714285714,0.414736842105263,47.7259381152586,14.4211505376344,3.88865082059989,14.4211505376344,11.0582603686636
30,2017,10.1285304659498,8.67556323604711,35.5405513687309,563.278122971852,22.22,-2.19032258064516,24.4103225806452,15.6727956989247,9.77956989247312,16.8461290322581,3.06182795698925,28.4203502304147,5.47290322580645,0.843870967741935,35.6958210837529,9.97732258064516,4.28631182795699,9.52865591397849,6.31960829493088
30,2018,10.6404864311316,9.50486047107015,31.678245451466,653.218152747262,26.1258064516129,-3.87857142857143,30.0043778801843,5.49559139784946,10.7587813620072,18.0981003584229,2.57219662058372,20.2459101382488,3.29387096774194,0.196451612903226,36.007903404051,7.42629032258065,3.33186021505376,4.21231182795699,5.54982411674347
30,2019,10.6317210701485,9.15477790578597,36.6427521083751,548.860688341305,24.7290322580645,-0.254838709677419,24.9838709677419,10.2549103942652,15.7317562724014,18.2285304659498,4.65595238095238,25.2532528411933,4.32633333333333,0.532903225806452,37.485899523075,9.49908602150538,4.0512688172043,4.43643010752688,5.22213048301758
30,2020,10.876157458905,9.03994901742677,37.9778316222022,490.896399143739,25.1516129032258,1.34838709677419,23.8032258064516,5.72169076751947,9.18616487455197,17.5033333333333,5.72169076751947,32.6756456933396,5.61535714285714,0.417142857142857,38.5871484845837,11.7736904761905,3.53067669172932,9.39255233494364,11.7736904761905
30,2021,9.8381982354563,8.39599875930521,36.464110874182,580.528604106326,22.3866666666667,-0.638709677419355,23.025376344086,17.3394265232975,11.3070609318996,17.3394265232975,3.36583953680728,30.9933362108614,3.42518518518519,1.5495,17.4284664214749,9.0373343079922,6.86296153846154,9.0373343079922,7.37979716024341
32,2017,17.4755785970302,11.8634235791091,40.6236751300542,635.043537204892,32.858064516129,3.65483870967742,29.2032258064516,17.6067741935484,13.9224014336918,25.9616845878136,10.6126728110599,30.3530972964944,6.4125,0.141111111111111,58.410347428948,10.1408333333333,5.28303921568627,6.68986111111111,7.80106951871658
32,2018,17.5655926779314,10.735428827445,36.6042826029077,622.666300598189,32.3354838709677,3.00714285714286,29.3283410138249,12.3283205325141,25.7976702508961,25.7976702508961,10.6086789554531,18.7833993956124,2.75857142857143,0,30.5077056473182,6.42078418972332,2.07710144927536,2.07710144927536,5.80137142857143
32,2019,17.7122734254992,11.590223374296,37.916518003712,631.002702213786,33.2774193548387,2.70967741935484,30.5677419354839,15.782688172043,10.5735023041475,25.8906451612903,10.5735023041475,37.2225194805195,12.9533333333333,0.204,88.6342491037949,23.075670995671,2.48318181818182,8.667,2.48318181818182
32,2020,18.2470204548264,11.2336191447287,41.5068168637175,555.574799377114,32.4483870967742,5.38387096774194,27.0645161290323,16.8259856630824,23.3067741935484,25.3882078853047,11.9241750092696,35.7706606736057,18.0975,0,124.01530422793,20.7730023923445,1.88172202797203,4.64843253968254,6.97777777777778
32,2021,17.9513365039978,10.3341577060932,37.8317062929722,610.321523495908,31.958064516129,4.64193548387097,27.3161290322581,12.1485663082437,13.2593961952026,26.0270967741935,11.7532671629446,22.3818591632055,5.12379310344828,0,53.2879955389519,9.03822167487685,2.61870098039216,3.67366666666667,4.1977619047619
33,2017,11.5794399641577,6.87991295442908,24.2829672762498,730.753913668571,25.6838709677419,-2.64838709677419,28.3322580645161,18.9604659498208,16.1274551971326,20.9464874551971,2.55940860215054,34.0151213517665,5.90741935483871,1.06516129032258,35.1156434187795,10.8042580645161,6.05834408602151,9.09167741935484,9.43972350230415
33,2018,12.3908440374667,6.77959293394777,23.6454348687947,734.787509706868,27.7290322580645,-0.942857142857143,28.6718894009217,3.94228110599078,17.7070448646644,21.3362007168459,3.94228110599078,30.7924905450501,5.30935483870968,0.823103448275862,43.4594485887171,11.5203225806452,3.05955506117909,7.73131182795699,11.5203225806452
33,2019,11.8774775985663,6.92602022529442,25.3880367723929,675.059334632664,27.3677419354839,0.0870967741935484,27.2806451612903,8.66322580645161,4.93844086021505,20.8754480286738,4.14704301075269,37.8456305683564,5.38433333333333,1.47516129032258,31.3091918247945,14.3814301075269,5.32687788018433,9.71131182795699,8.00591013824885
33,2020,12.3978392658509,6.92851996044988,28.3618273833284,626.806316427157,26.6161290322581,2.18709677419355,24.4290322580645,16.4800358422939,9.26286243974787,20.1381003584229,5.32780867630701,35.0609655172414,5.63,0.668666666666667,44.4947726131195,12.8839139784946,5.34383908045977,8.33649462365591,6.94057842046719
33,2021,11.2959594706369,6.15600634132892,26.0443083119261,655.271769664763,23.8233333333333,0.186666666666667,23.6366666666667,17.338064516129,11.7572401433692,19.6563440860215,3.79465949820788,66.9046534804521,11.8433333333333,1.63870967741935,48.2994015820467,28.5440280701754,6.5771541218638,26.6347574819401,15.6505308432371
35,2017,10.434143625192,6.93760048643113,34.615421709217,453.728789201646,20.8290322580645,0.787096774193548,20.041935483871,15.2763440860215,7.67266769073221,16.0569892473118,4.88463901689708,32.4204127406862,5.96833333333333,0.433529411764706,35.9053953702282,12.8457268170426,4.99671122994652,12.010548245614,7.77448526645768
35,2018,10.4786344041881,7.52869621890284,29.0415845684483,537.082837200856,25.1774193548387,-0.746428571428571,25.9238479262673,9.1320788530466,17.431935483871,17.431935483871,4.06009984639017,28.1564712589195,4.0225,1.26909090909091,25.2596733057352,9.0769212962963,5.34103896103896,5.34103896103896,8.05484210526316
35,2019,10.276062467998,7.28749743983615,34.3227621748588,451.807405359748,22.3,1.06774193548387,21.2322580645161,16.1774193548387,6.07019969278034,16.1774193548387,5.33344086021505,42.0207604885721,5.538,1.919375,22.8430247585958,13.4467061403509,7.82901552287582,13.4467061403509,8.92039798850575
35,2020,10.7230024100853,7.57813743665801,39.7634157983071,428.975176087465,21.4483870967742,2.39032258064516,19.058064516129,7.8071709306637,15.7384229390681,16.0950896057348,5.90437523173897,41.3891294677683,7.16888888888889,1.07307692307692,37.2248653994939,14.2019061302682,7.98929246192404,10.2302155388471,10.8861624026696
35,2021,10.2472658129165,7.20283047165416,32.6110332439432,486.763129212407,22.7741935483871,0.687096774193548,22.0870967741935,14.4021567173403,5.91996415770609,16.3096835990607,5.22303556658395,31.7689387402604,4.47384615384615,1.20166666666667,26.5626612727616,10.3594017094017,5.54588325652842,8.66605555555556,7.74253968253968
37,2017,8.62660330261137,6.0114298515105,32.2040222377203,484.232188484579,18.7774193548387,0.110714285714286,18.6667050691244,5.82516129032258,7.69627240143369,14.3117204301075,3.29888632872504,100.495558371736,16.1248387096774,2.02387096774194,42.5086579804216,40.5145913978495,15.2171720430108,21.0100860215054,30.8532142857143
37,2018,8.69227993626075,6.71140603757261,27.1645890017954,582.539445251936,22.1612903225806,-2.54516129032258,24.7064516129032,11.6501668520578,15.5167741935484,15.5167741935484,1.47354070660522,78.3967656125854,17.3945161290323,1.61322580645161,74.9870597526872,45.5910789766407,7.27649462365591,7.27649462365591,14.4994930875576
37,2019,8.83804723502304,6.47878264208909,32.2793734980331,492.354110623789,20.541935483871,0.470967741935484,20.0709677419355,12.0172043010753,11.1172759856631,15.5600358422939,3.53863799283154,55.6793135517234,7.33647058823529,0.431666666666667,40.4069885436889,19.7953415559772,8.34516129032258,17.4619006957622,11.3389950372208
37,2020,9.43557285873192,6.36332591768632,30.5569458384367,459.253698243298,22.39,1.56551724137931,20.8244827586207,6.17498207885305,11.2421146953405,15.8289964157706,4.72895810159436,62.71711112587,10.4752,0.444285714285714,45.4563081799609,25.0768347381865,7.33253858784893,10.1213824884793,18.4893447293447
37,2021,8.49292872897712,6.84961952026468,26.5813724096114,609.511278626636,21.9451612903226,-3.82333333333333,25.7684946236559,1.68547835676868,14.3761290322581,15.8793548387097,0.971499862145023,79.7563219434491,15.5994117647059,1.56,59.1543160468861,31.701066743668,8.69237068965517,9.26961206896552,31.1944359192953
41,2017,10.1063280849974,8.64385944700461,25.4520937364307,797.026192002706,26.0516129032258,-7.90967741935484,33.9612903225806,1.9081797235023,6.14143369175627,20.0720430107527,0.123233486943164,42.6440322580645,14.554,1.12258064516129,91.3545448306349,25.3280860215054,3.99522580645161,7.96238709677419,25.213247311828
41,2018,11.1323842629377,9.34097286226318,27.9170076350129,838.666660605243,28.741935483871,-4.71785714285714,33.4597926267281,19.2416487455197,4.7663236047107,20.8556272401434,1.29539170506912,15.4142557868531,5.07166666666667,0.226428571428571,57.4513664459063,7.2097311827957,1.55177265745008,6.79231182795699,1.89910599078341
41,2019,11.0501958525346,9.38400089605735,29.8712369106214,745.641086774333,28.86,-2.55483870967742,31.4148387096774,7.11891961085509,3.20709677419355,21.2606093189964,2.19185867895545,22.9754150378728,9.24392857142857,0.384516129032258,81.8645121121358,11.108702764977,2.2158064516129,5.16459399332592,10.2997350230415
41,2020,10.7846749474725,9.1118016932394,33.0911261118113,662.243260294902,26.4290322580645,-1.10645161290323,27.5354838709677,19.4717204301075,3.36763440860215,19.4717204301075,3.36763440860215,20.433823507601,4.17032258064516,0.294516129032258,50.3309786858983,8.72772043010753,1.07656989247312,8.72772043010753,1.07656989247312
41,2021,9.46332919768404,8.40157843948166,29.8457493409651,726.407352263355,25.65,-2.5,28.15,1.30686517783292,9.96498207885305,18.9951254480287,1.30686517783292,28.1230748980349,5.40064516129032,0.414666666666667,53.8338770838523,12.3565483870968,2.05313941416389,8.98033333333333,12.3565483870968
42,2017,9.49171018945212,8.73803827444956,26.595894600681,788.353921135484,25.7064516129032,-7.14838709677419,32.8548387096774,17.6443727598566,1.32587813620072,19.0865949820789,-0.554915514592934,22.5032749615975,4.23366666666667,0.556451612903226,35.4672499621654,8.51140860215054,3.08205376344086,6.71674193548387,3.13267281105991
42,2018,10.6130933179723,9.82457309267793,29.3667741477561,914.725600036946,27.3225806451613,-6.13214285714286,33.4547235023041,19.7692831541219,3.97022273425499,21.0015053763441,-0.327304147465438,14.4494216589862,2.73677419354839,0.290357142857143,34.9092520993873,6.28263440860215,1.38723886328725,5.51230107526882,1.57584101382488
42,2019,11.0214618535586,9.74363287250384,28.6621853842897,783.592021860414,29.2366666666667,-4.75806451612903,33.9947311827957,18.8246953405018,6.7858115719406,21.3537275985663,1.63072196620584,13.0798625192012,2.53193548387097,0.110333333333333,30.4297139539322,4.59165591397849,2.17391628264209,3.14939784946237,3.3748732718894
42,2020,10.6076912618959,9.58840161908293,35.4702207865836,688.059754563251,26.3838709677419,-0.648387096774194,27.0322580645161,19.8375627240143,6.25237795080954,19.8375627240143,2.86703744901743,21.9887539859103,5.57166666666667,0.262333333333333,53.2632590690532,10.2577956989247,2.19819540229885,10.2577956989247,3.78466573971079
42,2021,8.98902329749104,8.99259098428453,27.194757425563,836.754838767942,27.2096774193548,-5.85769230769231,33.0673697270472,-1.2494623655914,4.67017921146953,19.839211469534,-1.2494623655914,57.8876200466201,22.9946666666667,0.707857142857143,105.22450525122,27.8115897435897,3.9824358974359,18.8047619047619,27.8115897435897
43,2017,18.6928929851511,8.56016257040451,29.5473822160717,704.833749141856,33.0451612903226,4.0741935483871,28.9709677419355,11.7393548387097,27.5527956989247,27.5527956989247,10.5241167434716,24.3872258064516,8.39774193548387,0,83.3250412005681,15.7987956989247,0.491612903225806,0.491612903225806,15.1711290322581
43,2018,19.4502988991295,7.51716589861751,29.2020229144289,671.345596519443,32.6967741935484,6.95483870967742,25.741935483871,11.9635125448029,27.2539426523298,27.7117204301075,11.0077188940092,23.4406295354627,5.34258064516129,0,66.0924150802912,12.8164516129032,1.03344827586207,1.55,12.4378801843318
43,2019,19.1335739887353,7.507020609319,29.6184739564315,649.244824176043,32.5064516129032,7.16071428571429,25.3457373271889,11.1354070660522,27.3212544802867,27.3212544802867,11.1354070660522,27.7522190794004,9.98774193548387,0,88.6585197997103,18.0605038402458,0.353392658509455,0.353392658509455,18.0605038402458
43,2020,18.5719327030033,7.58982449635397,29.7113978263636,631.724820797482,32.0161290322581,6.47096774193548,25.5451612903226,11.5405265109381,26.5978853046595,26.5978853046595,11.5405265109381,14.2854571746385,6.07129032258065,0,79.9151203666186,9.22371523915462,0,0,9.22371523915462
43,2021,18.6041182795699,7.45884050179211,28.8741328116328,657.02379546954,33.2193548387097,7.38709677419355,25.8322580645161,13.3051254480287,26.9493189964158,27.2537634408602,11.5196989247312,27.1485887096774,7.75967741935484,0,86.7431598160116,18.7137741935484,0.0164516129032258,0.126451612903226,13.4915456989247
45,2017,17.9514029697901,12.5976382488479,38.47554539057,793.173439393525,33.6451612903226,0.903225806451613,32.741935483871,8.21428571428571,18.7401433691756,27.9178494623656,8.21428571428571,8.71312596006144,1.64709677419355,0,30.1157899686825,3.15108294930876,1.3681935483871,2.38955913978495,3.15108294930876
45,2018,16.2737877403464,10.924155653548,32.3788107511318,812.597713477709,34.8064516129032,1.06785714285714,33.7385944700461,13.4221863799283,27.1280311457175,27.1280311457175,7.70679723502304,17.5819978547593,5.03032258064516,0,53.8082958266264,8.54329032258065,1.0576084538376,1.0576084538376,3.72761520737327
45,2019,17.1212538402458,11.7262896825397,34.8561683918621,741.526079694406,34.1935483870968,0.551612903225806,33.641935483871,12.3022580645161,24.7051612903226,27.0417204301075,9.15279569892473,11.6058947772657,2.74516129032258,0.0253333333333333,47.6793016576067,4.69754838709677,0.345010752688172,2.01630107526882,4.21432258064516
45,2020,16.5746805092078,11.4990961297385,34.315747017895,713.115751201049,36.5451612903226,3.03548387096774,33.5096774193548,15.8121505376344,9.16166110493141,26.1423297491039,9.01591397849462,13.3092599184279,3.006,0.0258620689655172,47.2414951740611,6.15343010752688,1.05812013348165,1.07654838709677,3.65759139784946
45,2021,15.7125770609319,11.7438343220863,33.8690914489417,751.484152413301,34.658064516129,-0.0161290322580645,34.6741935483871,15.1983512544803,25.6153046594982,25.6153046594982,7.20146953405018,12.9565053763441,2.159,0,40.4034464703101,6.0256559139785,1.28093548387097,1.28093548387097,3.50035483870968
46,2017,9.58676231968501,10.3380106423363,30.2884763610188,738.854088225972,25.1866666666667,-8.94516129032258,34.1318279569892,17.2894265232975,0.497117255504352,18.8497132616487,0.497117255504352,27.3757313752554,3.83428571428571,0.833809523809524,31.4853022242094,10.2907784679089,3.61932150638033,10.2764927536232,3.61932150638033
46,2018,10.8779860949828,11.3461635639111,32.6794328938062,777.773251455536,28.2838709677419,-6.43571428571429,34.7195852534562,1.97173579109063,10.4285984427141,20.1156630824373,1.97173579109063,15.6349427639709,4.17153846153846,0.222083333333333,52.389186593349,7.52645824763472,1.4981337535014,1.79576910408432,7.52645824763472
46,2019,10.2748713517665,11.4230805171531,38.3251359375344,686.666779388965,26.82,-2.98571428571429,29.8057142857143,14.8324731182796,3.26970046082949,19.5737634408602,2.14174347158218,23.3392856925496,3.424,1.01571428571429,26.970973797665,7.97983333333333,3.67045787545788,6.47831077694236,4.14619047619048
46,2020,10.3106899641577,11.4034643430973,40.7783359829294,630.999457910249,26.5870967741935,-1.37741935483871,27.9645161290323,15.1606093189964,3.3478853046595,18.6424014336918,3.3478853046595,24.2582589574677,5.05,0.366111111111111,48.0886246745429,7.9234,2.58167055167055,7.6801884057971,2.58167055167055
46,2021,8.98870868180008,10.291038430904,35.0101477520832,671.70446321223,25.25,-4.14444444444444,29.3944444444444,16.0002867383513,3.83393866985265,17.8508243727599,1.71716447630426,27.3225413012109,8.20142857142857,0,73.411750619529,14.5948285714286,2.0415873015873,14.2197619047619,6.0568
47,2017,10.1740796210957,8.18169482846902,29.3941751930626,697.414484115115,23.8666666666667,-3.96774193548387,27.8344086021505,NA,NA,18.7409677419355,1.3673579109063,NA,NA,NA,NA,NA,NA,NA,NA
47,2018,11.2234235791091,9.35328341013825,28.7803537877982,826.796511178699,27.6774193548387,-4.82142857142857,32.4988479262673,NA,NA,20.8493906810036,1.2107910906298,NA,NA,NA,NA,NA,NA,NA,NA
47,2019,11.4155497951869,9.19322836661546,30.5411959025233,714.815432877419,29.1333333333333,-0.967741935483871,30.1010752688172,NA,NA,21.246917562724,3.253955453149,NA,NA,NA,NA,NA,NA,NA,NA
47,2020,11.2946051167964,9.0984149054505,33.5774835796388,646.051709119591,27.6451612903226,0.548387096774194,27.0967741935484,NA,NA,19.9675268817204,4.33971078976641,NA,NA,NA,NA,NA,NA,NA,NA
47,2021,10.0449068100358,8.3305017921147,28.2071166775893,752.852242348092,26.9333333333333,-2.6,29.5333333333333,NA,NA,19.9759139784946,1.26937634408602,NA,NA,NA,NA,NA,NA,NA,NA
48,2017,9.32666538658474,11.8507162058372,32.2709243131546,1004.42445098239,27.7451612903226,-8.97741935483871,36.7225806451613,14.3897849462366,-0.935698924731183,20.4988888888889,-2.45760368663594,34.1254677419355,6.64666666666667,1.42233333333333,36.5862738946469,14.0606344086022,4.94898924731183,11.615064516129,5.99415591397849
48,2018,9.06286034306196,11.8259178187404,27.0356528304537,1104.6142742206,32.1516129032258,-11.5903225806452,43.741935483871,9.75494623655914,-3.21171274961598,22.4335483870968,-3.21171274961598,34.379247311828,4.657,1.36,27.7441218822495,12.4293333333333,5.74322580645161,8.12202150537634,5.74322580645161
48,2019,8.12726382488479,12.3642837941628,27.4919522033458,1089.72265024022,30.8935483870968,-14.0806451612903,44.9741935483871,9.58724014336918,-5.00019201228879,21.4064157706093,-5.00019201228879,38.2217718894009,6.15533333333333,1.24548387096774,35.7844126395831,14.0424946236559,6.48206221198157,8.07782795698925,6.48206221198157
48,2020,9.8180215671734,12.0492658509455,30.5314678219008,976.604700788365,31.5064516129032,-7.95862068965517,39.4650723025584,16.1854480286738,13.8375985663082,22.2710752688172,-2.15569150908417,26.563114200964,5.41548387096774,0.945172413793103,36.3297909765023,10.1614193548387,4.71250574712644,9.24203559510567,5.94203559510567
48,2021,9.80886840757809,11.8075448028674,29.1474668648582,1035.87956553732,29.7096774193548,-10.8,40.5096774193548,20.7446594982079,-2.43402457757296,22.0968817204301,-3.20714285714286,31.9220193336511,5.17333333333333,0.671612903225806,35.9126283009444,11.5253548387097,3.56918433179723,10.7378605858361,5.76466820276498
49,2017,10.1331733230927,8.07081925243216,27.0676592310202,741.370953164099,25.1333333333333,-4.68387096774194,29.8172043010753,14.2964516129032,3.10975422427035,19.6120788530466,0.958141321044547,47.3619803047829,7.5195,1.39052631578947,34.966067220556,15.2774047619048,6.5808552631579,13.4718663003663,7.80864372469636
49,2018,11.1839093260589,8.51011004290481,28.7161709464588,743.224705301606,26.7709677419355,-2.86428571428571,29.6352534562212,18.4978494623656,6.91810035842294,20.1021505376344,2.68663594470046,37.8800294366134,7.033125,0.389333333333333,44.6615827002095,13.6122426470588,5.10030107526882,12.310925,13.0150120967742
49,2019,10.4611629544291,8.43370609318997,30.0463016168535,677.222571646432,26.24,-1.82903225806452,28.0690322580645,15.02229390681,2.38709677419355,19.544400921659,2.38709677419355,46.0533442081814,7.15705882352941,1.36964285714286,44.222101509294,19.6908972073678,5.32687159614579,16.2000945378151,5.32687159614579
49,2020,10.7373439624274,8.54810252131998,32.942712352178,636.625455293159,25.3225806451613,-0.625806451612903,25.9483870967742,18.6687096774194,3.37218637992832,18.6687096774194,3.37218637992832,46.8492584723886,10.9783333333333,0.863333333333333,49.7858465609913,18.556068627451,6.85711515151515,18.556068627451,6.85711515151515
49,2021,9.60375172318721,7.87095188861318,29.9579493349905,652.52328703241,24.53,-1.74333333333333,26.2733333333333,16.0382437275986,9.70645161290322,18.2124372759857,2.60311827956989,52.4514680210141,9.19230769230769,1.41684210526316,52.2373354648838,23.6739029304029,5.48771710526316,22.7844981684982,13.3718035714286
50,2017,7.45989567332309,9.50774961597542,27.2026061924539,949.509794988426,24.9451612903226,-10.0064516129032,34.9516129032258,11.9864157706093,-3.91647465437788,18.2262365591398,-3.91647465437788,28.0814685099846,4.24966666666667,0.423333333333333,33.7705604534164,11.6281612903226,4.45165130568356,6.81450537634409,4.45165130568356
50,2018,7.19607078853047,9.60006272401434,24.2583912980473,1061.2514398267,27.7516129032258,-11.8225806451613,39.5741935483871,15.0362007168459,8.0210752688172,20.036917562724,-4.24381720430107,NA,NA,NA,NA,NA,NA,8.02898064516129,NA
50,2019,6.35850294418843,9.8872465437788,24.153242147923,1043.02597055234,28.3838709677419,-12.5516129032258,40.9354838709677,10.5350896057348,18.7617562724014,18.9995340501792,-5.77154377880184,24.2376697388633,3.06533333333333,0.835806451612903,23.0039666764901,8.27133333333333,3.79739784946237,4.42306451612903,5.23085253456221
50,2020,7.94168798665184,9.66910147076999,26.2176739160742,931.519788535232,28.4387096774194,-8.44137931034483,36.8800889877642,20.1558422939068,0.310085279940675,20.1558422939068,-3.30066740823137,30.6208084538376,7.99645161290323,0.998333333333333,52.6582844832272,12.7495268817204,4.05723210975158,12.7495268817204,8.01664071190211
50,2021,8.29386840757808,9.77265424987199,25.1839629985895,977.886610421501,27.4193548387097,-11.3857142857143,38.805069124424,18.5075627240143,-3.25606758832565,20.114229390681,-3.91090629800307,26.7392903225806,6.38225806451613,1.01612903225806,48.4541577389884,12.2963548387097,3.45451612903226,10.1033548387097,3.87967741935484
51,2017,9.85202828981055,8.66195660522273,26.2663263975257,918.734065111505,26.7774193548387,-6.2,32.9774193548387,13.7149462365591,17.8259498207885,20.41229390681,-1.03529185867896,26.8490778968899,5.99366666666667,0.801538461538462,42.157397193609,12.0476666666667,3.58720512820513,5.55633416046319,5.33352534562212
51,2018,9.68344582190012,8.44176664981773,22.6994824042401,1028.59238304125,28.8666666666667,-8.32258064516129,37.189247311828,17.5397491039427,-1.46908011343495,22.1644404619673,-1.46908011343495,29.3956727683905,4.97766666666667,0.857083333333333,36.9226918386771,8.71893548387097,4.79336213517665,8.49988052568698,4.79336213517665
51,2019,8.89661802355351,8.83069892473118,23.1835761065944,1001.89479724339,28.9354838709677,-9.15483870967742,38.0903225806452,12.4854838709677,21.0035483870968,21.1279928315412,-2.72442396313364,30.3995806451613,3.98193548387097,1.194,22.7829396261259,9.80732258064516,5.34012903225806,7.66812903225807,6.94483870967742
51,2020,10.4389120627858,8.87019095291064,24.7890852156036,920.103195789059,31.0516129032258,-4.73103448275862,35.7826473859844,2.70476702508961,11.7379569892473,22.6854121863799,-0.34990730441231,26.6753047830923,4.10387096774194,1.38033333333333,23.3382465229638,8.35276344086022,5.139,7.38905376344086,8.21882091212458
51,2021,10.7145376344086,8.7495,24.3332095296537,938.098874782831,28.9290322580645,-7.028,35.9570322580645,12.5864874551971,-0.208086021505376,22.1211827956989,-0.726365591397849,24.7677096774194,4.63133333333333,0.37741935483871,44.3746894019966,10.1886344086021,3.86490322580645,6.32158064516129,4.36458064516129
52,2017,10.2734210189452,8.22944828469022,28.3774078782421,704.436870585768,24.3225806451613,-4.67741935483871,29,NA,NA,18.8896774193548,1.43106758832565,NA,NA,NA,NA,NA,NA,NA,NA
52,2018,11.1861347926267,9.2515616999488,28.0683521690163,805.049528955632,28.0322580645161,-4.92857142857143,32.9608294930876,NA,NA,20.6279928315412,1.46754992319508,NA,NA,NA,NA,NA,NA,NA,NA
52,2019,11.3508685355863,8.98501664106503,30.032942084572,705.977852162174,28.4333333333333,-1.48387096774194,29.9172043010753,NA,NA,21.1354838709677,3.40802611367128,NA,NA,NA,NA,NA,NA,NA,NA
52,2020,11.3905209492028,9.22091830428872,34.7747527290694,643.319592183588,27.3548387096774,0.838709677419355,26.5161290322581,NA,NA,20.0172759856631,4.5732665925102,NA,NA,NA,NA,NA,NA,NA,NA
52,2021,9.88018637992832,7.89818996415771,28.3699352160837,715.037427595366,25.8,-2.04,27.84,NA,NA,19.1701792114695,1.66791397849462,NA,NA,NA,NA,NA,NA,NA,NA
53,2017,10.2734210189452,8.22944828469022,28.3774078782421,704.436870585768,24.3225806451613,-4.67741935483871,29,NA,NA,18.8896774193548,1.43106758832565,NA,NA,NA,NA,NA,NA,NA,NA
53,2018,11.1861347926267,9.2515616999488,28.0683521690163,805.049528955632,28.0322580645161,-4.92857142857143,32.9608294930876,NA,NA,20.6279928315412,1.46754992319508,NA,NA,NA,NA,NA,NA,NA,NA
53,2019,11.3508685355863,8.98501664106503,30.032942084572,705.977852162174,28.4333333333333,-1.48387096774194,29.9172043010753,NA,NA,21.1354838709677,3.40802611367128,NA,NA,NA,NA,NA,NA,NA,NA
53,2020,11.3905209492028,9.22091830428872,34.7747527290694,643.319592183588,27.3548387096774,0.838709677419355,26.5161290322581,NA,NA,20.0172759856631,4.5732665925102,NA,NA,NA,NA,NA,NA,NA,NA
53,2021,9.88018637992832,7.89818996415771,28.3699352160837,715.037427595366,25.8,-2.04,27.84,NA,NA,19.1701792114695,1.66791397849462,NA,NA,NA,NA,NA,NA,NA,NA
54,2017,11.2399443164363,8.67032770097286,30.5362597966552,639.223101446309,25.2,-3.19354838709677,28.3935483870968,NA,NA,19.0449103942652,3.45257296466974,NA,NA,NA,NA,NA,NA,NA,NA
54,2018,11.9309408602151,9.98806963645673,30.9608043869882,699.864446637462,28.9032258064516,-3.35714285714286,32.2603686635945,NA,NA,20.2324014336918,3.70322580645161,NA,NA,NA,NA,NA,NA,NA,NA
54,2019,11.5664362519201,9.4839349718382,35.2154416825422,612.355758159917,26.8666666666667,-0.0645161290322581,26.9311827956989,NA,NA,20.0268100358423,4.73519713261649,NA,NA,NA,NA,NA,NA,NA,NA
54,2020,12.0756114818935,9.6666172290199,38.8167272149763,550.169408379434,27.2903225806452,2.38709677419355,24.9032258064516,NA,NA,19.3086379928315,5.87552836484983,NA,NA,NA,NA,NA,NA,NA,NA
54,2021,10.6906577060932,8.79181003584229,35.5124362983553,600.078214109434,25.4666666666667,0.709677419354839,24.7569892473118,NA,NA,18.5484946236559,4.45879569892473,NA,NA,NA,NA,NA,NA,NA,NA
55,2017,11.8174526369688,11.9379992319508,37.0485510251753,680.209761162241,28.5806451612903,-3.64193548387097,32.2225806451613,18.9971684587814,16.0050896057348,20.6713620071685,3.70082437275986,24.5922450076805,4.02290322580645,0.720322580645161,30.8747366501993,9.41748387096774,4.37291397849462,7.28683870967742,6.31804301075269
55,2018,12.5734828601444,12.1187232507018,38.3631176913285,647.582466513573,29.7645161290323,-1.825,31.5895161290323,11.846164874552,12.7002422444692,20.611541218638,5.13598310291859,22.1732737962816,3.71903225806452,0.875172413793104,31.2015212416975,8.14437634408602,3.74007563959956,4.72084946236559,5.56797235023041
55,2019,12.4125249615975,13.0855766769073,40.2923073163445,663.453337007931,31.1516129032258,-1.325,32.4766129032258,9.50777777777778,5.57246543778802,21.4013620071685,5.03375576036866,20.430524577573,3.79322580645161,0.489642857142857,34.1959496694226,8.3537311827957,2.52028801843318,5.47001075268817,3.96351382488479
55,2020,12.6897571375603,13.1129881967618,45.0509660524966,571.039904851794,29.4483870967742,0.341379310344828,29.1070077864294,15.3818279569892,6.97623285131628,19.8672043010753,6.37623285131628,18.9068253615128,3.84366666666667,0.310967741935484,43.9249603933747,7.53670967741935,2.49056729699666,5.54786021505376,3.68701890989989
55,2021,11.2067885304659,11.5153548387097,44.3588044270661,592.755422102898,25.6466666666667,-0.312903225806452,25.9595698924731,16.8164157706093,7.91392831541219,18.7927598566308,4.44964157706093,25.8845462365591,5.901,0.901612903225806,50.9857143512568,10.152935483871,3.58421290322581,8.52229032258064,5.04124731182796
56,2017,6.53504928315412,7.54979838709677,28.0495869537303,684.155327231991,21.1516129032258,-5.76428571428571,26.9158986175115,NA,NA,15.5562007168459,-1.03844086021505,NA,NA,NA,NA,NA,NA,NA,NA
56,2018,7.20919156205307,8.35780265109381,22.5449875945524,945.47982012896,26.8466666666667,-10.225,37.0716666666667,NA,NA,18.311935483871,-4.24754224270353,NA,NA,NA,NA,NA,NA,NA,NA
56,2019,7.36941692268305,8.28554147465438,25.8959717817319,753.395845984351,23.06,-8.93548387096774,31.9954838709677,3.55749103942652,6.66229390681004,17.4172043010753,-1.33175883256528,NA,NA,NA,NA,NA,NA,NA,NA
56,2020,8.55764151526387,7.60574372759857,28.417667504169,647.776838256478,24.64,-2.12413793103448,26.7641379310345,NA,NA,17.5240860215054,2.05354097144976,NA,NA,NA,NA,NA,NA,NA,NA
56,2021,6.49366556382685,8.16849324510615,22.6484787009107,921.32042434739,26.4433333333333,-9.62307692307692,36.0664102564103,NA,NA,18.6786738351254,-4.73842018196857,NA,NA,NA,NA,NA,NA,NA,NA
57,2017,10.9254531490015,8.13995455709165,33.4753880901528,566.578379280339,22.9033333333333,-1.41290322580645,24.3162365591398,16.2889605734767,13.8514695340502,17.7456272401434,3.82611367127496,28.9164408602151,3.97,0.838,30.866041898278,9.39451612903226,3.92959139784946,7.30384946236559,8.34258064516129
57,2018,11.3391591848085,8.93191500256016,30.4851906173092,642.103470373889,26.7741935483871,-2.525,29.2991935483871,6.19695340501792,18.206523297491,18.9022222222222,3.67407834101382,20.0654512686053,3.70387096774194,0.171935483870968,40.3159687509031,8.17666666666667,2.13048387096774,2.95790322580645,6.03049539170507
57,2019,11.1655958781362,8.57297619047619,37.6700583847997,535.420718041148,23.8645161290323,1.10645161290323,22.758064516129,10.8456630824373,10.2174193548387,18.4334408602151,5.16586021505376,30.8313233486943,4.03833333333333,1.21033333333333,26.4092523821666,10.1066774193548,5.96388172043011,8.01155913978495,6.74920506912442
57,2020,11.6684087257447,8.50810283030528,37.0697382627496,494.42476210028,25.8709677419355,2.91935483870968,22.9516129032258,6.32517612161661,13.8788888888889,18.2490681003584,6.32517612161661,27.6520715609937,5.37827586206897,0.186666666666667,41.8257593322769,10.7856952169077,2.76503225806452,6.51159139784946,10.7856952169077
57,2021,10.4226756272401,8.03442652329749,35.7285395737003,553.40112619383,23.21,0.72258064516129,22.4874193548387,8.11039426523297,5.82797849462366,17.5895340501792,4.48335483870968,28.2951182795699,4.14548387096774,0.923333333333333,29.9338865004561,9.01401075268817,4.26086021505376,7.89433333333333,6.86993548387097
58,2017,5.38531874039939,12.781420890937,39.1179692348196,727.396199595057,22.9095238095238,-9.76451612903226,32.6740399385561,11.283253968254,7.76714285714286,11.283253968254,-0.512616487455197,NA,NA,NA,NA,NA,NA,6.88176767676768,NA
58,2018,6.62328976640712,9.50886424731183,43.9462241354677,478.959567744076,20.775,-0.8625,21.6375,4.61438635520949,7.09771968854283,8.44139784946237,4.61438635520949,12.28575,5.04533333333333,0.208333333333333,50.9292592533565,12.0774166666667,7.24041666666667,8.317,12.0774166666667
58,2019,8.18569814555088,12.0116386161758,42.3137269433465,742.588385919162,23.1967741935484,-5.19032258064516,28.3870967741935,2.14017921146953,14.2312170796322,14.2312170796322,2.14017921146953,27.4882827260459,7.75315789473684,1.02789473684211,53.8271483331844,21.7250809716599,5.76320175438596,5.76320175438596,21.7250809716599
58,2020,6.59652953899394,12.712378445186,40.5853482802025,671.072065424705,24.1935483870968,-7.12903225806452,31.3225806451613,10.9864444444444,-1.12974910394265,14.6620333704116,-1.35810159436411,41.4312155067155,6.73214285714286,0.6975,39.2108139113964,16.4538095238095,7.001,11.096,7.29766666666667
58,2021,6.32225985663082,12.4963297491039,39.813589128697,681.273868988953,23.3258064516129,-8.06129032258064,31.3870967741935,6.63046594982079,0.0484301075268817,14.9935125448029,-1.47845161290323,47.1319822059605,7.76571428571429,1.03909090909091,41.274412107248,19.0302941176471,6.59139037433155,10.3499832915622,8.52658517952636
60,2017,16.6328961853559,16.0212788018433,42.9859479710181,647.381549543926,36.9677419354839,-0.303225806451613,37.2709677419355,10.7474270353303,24.2830465949821,24.5363799283154,8.77538402457757,20.7000451824779,7.68548387096774,0,94.3478505835704,15.671267281106,0,0.271724137931035,13.6579124423963
60,2018,16.0402444956477,17.3168196364567,47.8273856242425,591.264729836712,36.4354838709677,0.228571428571429,36.2069124423963,9.90007168458781,23.3779928315412,23.3779928315412,9.17165898617512,16.3382665130568,4.47,0,66.4671643189941,8.45148387096774,0,0,6.0201267281106
60,2019,16.2237243983615,15.6879070660522,49.6298955558066,607.862244269465,35.241935483871,3.63214285714286,31.6097926267281,9.09980798771121,24.0832616487455,24.0832616487455,9.09980798771121,21.5872364061185,7.00357142857143,0,84.0857236105852,15.360668202765,0,0,15.360668202765
60,2020,16.9615690273143,17.4773850574713,49.4703192824698,649.862790106192,36.6096774193548,1.28064516129032,35.3290322580645,9.35964157706093,24.3787455197133,24.3876344086021,9.35964157706093,5.05615053763441,1.36774193548387,0,35.8752741524563,2.641,0,0,2.641
60,2021,16.6907405273938,16.874983358935,49.4493320849782,627.009368371437,37.1032258064516,2.97741935483871,34.1258064516129,12.1631182795699,22.9702867383513,24.1272759856631,9.30357142857143,13.7693378886594,5.04677419354839,0,80.1438059022504,9.56843159065629,0,0,7.96101382488479
