"site","bio1","bio2","bio3","bio4","bio5","bio6","bio7","bio8","bio9","bio10","bio11","bio12","bio13","bio14","bio15","bio16","bio17","bio18","bio19","tmin01","tmin02","tmin03","tmin04","tmin05","tmin06","tmin07","tmin08","tmin09","tmin10","tmin11","tmin12","tmax01","tmax02","tmax03","tmax04","tmax05","tmax06","tmax07","tmax08","tmax09","tmax10","tmax11","tmax12","tavg01","tavg02","tavg03","tavg04","tavg05","tavg06","tavg07","tavg08","tavg09","tavg10","tavg11","tavg12","prec01","prec02","prec03","prec04","prec05","prec06","prec07","prec08","prec09","prec10","prec11","prec12","srad01","srad02","srad03","srad04","srad05","srad06","srad07","srad08","srad09","srad10","srad11","srad12","wind01","wind02","wind03","wind04","wind05","wind06","wind07","wind08","wind09","wind10","wind11","wind12","vapr01","vapr02","vapr03","vapr04","vapr05","vapr06","vapr07","vapr08","vapr09","vapr10","vapr11","vapr12"
1,8.72083282470703,17.0499992370605,0.716666698455811,761,97,42,26.1568603515625,263,136,248,143,8.82499980926514,33.4280319213867,665.040832519531,23.3999996185303,-3,26.3999996185303,15.4333333969116,1.84999990463257,-3,-2.59999990463257,0.200000002980232,2.90000009536743,7.40000009536743,10.5,12.3999996185303,12,8.5,4.69999980926514,0.300000011920929,-1.60000002384186,3,4.59999990463257,8.89999961853027,12.6999998092651,18,20.8999996185303,23.3999996185303,23.1000003814697,18.7999992370605,13,7.30000019073486,3.90000009536743,0,1,4.5,7.80000019073486,12.6999998092651,15.6999998092651,17.8999996185303,17.6000003814697,13.6999998092651,8.89999961853027,3.79999995231628,1.20000004768372,42,46,48,60,86,97,80,71,58,58,60,55,3483,6189,9891,14344,17836,18965,19057,16941,12085,7341,4053,2763,2.79999995231628,2.79999995231628,2.90000009536743,2.90000009536743,2.59999990463257,2.5,2.40000009536743,2.20000004768372,2.20000004768372,2.29999995231628,2.5,2.70000004768372,0.529999971389771,0.529999971389771,0.649999976158142,0.759999990463257,1.04999995231628,1.27999997138977,1.46000003814697,1.5,1.24000000953674,0.939999997615814,0.680000007152557,0.569999992847443
2,14.658332824707,22.4333324432373,7.68333339691162,657,97,21,34.5209426879883,221,97,97,188,9.08333301544189,35.3437080383301,604.55029296875,28.7999992370605,3.09999990463257,25.6999988555908,11.216667175293,22.4333324432373,3.09999990463257,3.90000009536743,5.90000009536743,8.10000038146973,12.1000003814697,15.5,18.2999992370605,18.1000003814697,14.8999996185303,11.1000003814697,6.40000009536743,4,11.1000003814697,12.3000001907349,15.1999998092651,17.3999996185303,21.2999992370605,25.6000003814697,28.7999992370605,28.2999992370605,24.6000003814697,19.6000003814697,14.5,11.6999998092651,7.09999990463257,8.10000038146973,10.5,12.8000001907349,16.7000007629395,20.5,23.5,23.2000007629395,19.7000007629395,15.3000001907349,10.5,7.90000009536743,71,52,46,60,49,35,21,41,61,97,59,65,5753,8829,13364,17080,20677,23475,24377,20914,15540,9919,6426,4925,5.09999990463257,5.19999980926514,5.59999990463257,5.59999990463257,5.09999990463257,5,5,4.80000019073486,4.69999980926514,4.90000009536743,5.30000019073486,5.19999980926514,0.720000028610229,0.730000019073486,0.829999983310699,1.01999998092651,1.30999994277954,1.58000004291534,1.9099999666214,1.92999994754791,1.61000001430511,1.29999995231628,0.910000026226044,0.790000021457672
3,6.375,18.9833335876465,-7.40000009536743,952,102,62,14.5201272964478,279,199,240,213,9.84999942779541,24.625,1073.76879882812,25.8999996185303,-14.1000003814697,40,8.88333320617676,-1.73333346843719,-14.1000003814697,-13.1000003814697,-7.30000019073486,0.300000011920929,6.69999980926514,11.6000003814697,14.6000003814697,14.1999998092651,10,4.40000009536743,-0.800000011920929,-9.10000038146973,-4.59999990463257,-3,2.5,10.1999998092651,17.7999992370605,22.7999992370605,25.8999996185303,24.7999992370605,20,13.3000001907349,6.40000009536743,-0.5,-9.30000019073486,-8,-2.40000009536743,5.30000019073486,12.1999998092651,17.2000007629395,20.2999992370605,19.5,15,8.80000019073486,2.79999995231628,-4.80000019073486,75,62,63,74,83,81,72,87,102,83,94,76,5103,8709,12318,15958,19081,20961,20798,17846,13480,8453,4778,4005,4.5,4.30000019073486,4.19999980926514,4.30000019073486,3.70000004768372,3.29999995231628,3.20000004768372,3.09999990463257,3.5,4,4.5,4.59999990463257,0.270000010728836,0.280000001192093,0.389999985694885,0.600000023841858,0.959999978542328,1.41999995708466,1.72000002861023,1.66999995708466,1.30999994277954,0.850000023841858,0.579999983310699,0.360000014305115
4,15.8625001907349,22.9166660308838,9.93333339691162,714,119,1,71.1547088623047,334,18,24,314,10.408332824707,40.9776916503906,528.622253417969,30.3999996185303,5,25.3999996185303,10.9499998092651,22.5166664123535,5,5.59999990463257,6.80000019073486,8.5,10.8999996185303,14.1000003814697,16.7999992370605,17.2000007629395,15.6000003814697,12.1000003814697,8.89999961853027,6.40000009536743,13.6000003814697,14.6000003814697,17,18.5,21.3999996185303,26.2000007629395,30.3999996185303,30.3999996185303,27.1000003814697,21.7999992370605,17.3999996185303,14.3999996185303,9.30000019073486,10.1000003814697,11.8999996185303,13.5,16.2000007629395,20.2000007629395,23.6000003814697,23.7999992370605,21.3999996185303,17,13.1000003814697,10.3999996185303,105,90,79,55,41,14,1,3,20,77,110,119,9172,11987,15243,19965,23406,26445,27432,25012,19388,13839,9668,7845,3.09999990463257,3.29999995231628,3.5,3.59999990463257,3.40000009536743,3.40000009536743,3.09999990463257,3.09999990463257,2.70000004768372,3,3,3.09999990463257,0.889999985694885,0.930000007152557,0.970000028610229,1.03999996185303,1.21000003814697,1.41999995708466,1.60000002384186,1.61000001430511,1.53999996185303,1.30999994277954,1.12000000476837,0.980000019073486
5,13.7250003814697,22.6166667938232,6.03333330154419,407,52,11,39.0488891601562,147,51,51,120,11.5166664123535,37.6361656188965,680.609680175781,31.3999996185303,0.800000011920929,30.6000003814697,9.64999961853027,22.6166667938232,0.800000011920929,1.79999995231628,3.70000004768372,5.80000019073486,9.10000038146973,13.3999996185303,16.6000003814697,16.3999996185303,13.1000003814697,8.60000038146973,4.30000019073486,2,9.69999980926514,11.8999996185303,15.3000001907349,17,21.1000003814697,26.8999996185303,31.3999996185303,31,26.5,19.2999992370605,13.6999998092651,10,5.19999980926514,6.80000019073486,9.5,11.3999996185303,15.1000003814697,20.2000007629395,24,23.7000007629395,19.7999992370605,14,9,6,38,33,24,41,46,26,14,11,27,46,52,49,6865,10172,14114,18513,21775,24920,26686,23605,17485,11664,7826,5896,2.09999990463257,2.40000009536743,2.59999990463257,2.79999995231628,2.59999990463257,2.40000009536743,2.40000009536743,2.29999995231628,2.09999990463257,2.20000004768372,2,2.09999990463257,0.680000007152557,0.699999988079071,0.709999978542328,0.790000021457672,1,1.16999995708466,1.27999997138977,1.3400000333786,1.16999995708466,1.03999996185303,0.850000023841858,0.730000019073486
6,15.0041666030884,22.5,8.51666641235352,664,83,35,24.9708976745605,215,130,175,130,9.875,38.2751922607422,575.647705078125,28.8999996185303,3.09999990463257,25.7999992370605,15.9666662216187,8.51666641235352,3.09999990463257,4.19999980926514,5.80000019073486,7.5,11.3000001907349,14.8999996185303,18,18.2999992370605,15.5,11.3000001907349,6.69999980926514,4.19999980926514,12.5,13.8999996185303,16,17.7000007629395,21,25,28.8999996185303,28.7999992370605,25.5,20.7999992370605,16,13.1999998092651,7.80000019073486,9.10000038146973,10.8999996185303,12.6000003814697,16.1000003814697,20,23.5,23.6000003814697,20.5,16.1000003814697,11.3000001907349,8.69999980926514,44,38,51,55,67,54,35,57,83,74,58,48,6910,9986,13700,17665,21024,23179,23522,20818,15756,11145,7532,5894,2.5,2.70000004768372,3,3.20000004768372,3.09999990463257,3.09999990463257,3.09999990463257,2.90000009536743,2.70000004768372,2.59999990463257,2.40000009536743,2.5,0.769999980926514,0.779999971389771,0.889999985694885,1.00999999046326,1.27999997138977,1.5900000333786,1.80999994277954,1.94000005722046,1.63999998569489,1.33000004291534,0.980000019073486,0.839999973773956
7,9.88333320617676,22.0833339691162,-3.14999985694885,950,103,40,26.3049964904785,297,152,297,152,10.1833333969116,26.5883369445801,1019.06225585938,28.8999996185303,-9.39999961853027,38.2999992370605,22.0833339691162,-3.14999985694885,-9.39999961853027,-6.69999980926514,-1.70000004768372,3.59999990463257,9.10000038146973,14.6000003814697,17.7000007629395,17,12.6999998092651,6.09999990463257,0.400000005960464,-5.90000009536743,-0.899999976158142,2,7.69999980926514,14.3999996185303,21.1000003814697,26.6000003814697,28.8999996185303,27.7000007629395,23.8999996185303,17.2999992370605,9,2,-5.09999990463257,-2.29999995231628,3,9,15.1000003814697,20.6000003814697,23.2999992370605,22.3999996185303,18.2999992370605,11.6999998092651,4.69999980926514,-2,46,40,67,97,93,103,95,99,91,71,82,66,5427,8744,12558,15945,19078,21437,21330,18329,15044,10056,5863,4544,4.80000019073486,4.69999980926514,4.80000019073486,5,4.30000019073486,3.70000004768372,3.29999995231628,3,3.40000009536743,4,4.5,4.59999990463257,0.349999994039536,0.400000005960464,0.550000011920929,0.759999990463257,1.13999998569489,1.63999998569489,1.99000000953674,1.96000003814697,1.46000003814697,0.930000007152557,0.649999976158142,0.419999986886978
9,10.1166667938232,21.0499992370605,-1.08333337306976,1274,119,82,9.36372089385986,341,281,321,281,10.5166664123535,29.9620132446289,896.250610351562,28,-7.09999990463257,35.0999984741211,8.73333358764648,-1.08333337306976,-7.09999990463257,-6.30000019073486,-2.09999990463257,2.90000009536743,8.39999961853027,13.3999996185303,16.6000003814697,16.1000003814697,12,6.19999980926514,1.79999995231628,-3.59999990463257,2,3.5,8.30000019073486,14.3999996185303,20.5,25.2000007629395,28,27,22.7000007629395,16.8999996185303,11,5,-2.5,-1.39999997615814,3.09999990463257,8.69999980926514,14.3999996185303,19.2999992370605,22.2999992370605,21.6000003814697,17.3999996185303,11.5,6.40000009536743,0.699999988079071,99,82,109,113,119,101,109,111,114,102,115,100,6133,9313,12715,16396,19189,20886,20560,18036,14299,10404,6624,5404,4.19999980926514,4.30000019073486,4.5,4.30000019073486,3.70000004768372,3.40000009536743,3.20000004768372,3,3.29999995231628,3.5,3.90000009536743,4,0.349999994039536,0.360000014305115,0.479999989271164,0.689999997615814,1.0900000333786,1.58000004291534,1.9099999666214,1.88999998569489,1.48000001907349,0.949999988079071,0.660000026226044,0.439999997615814
10,19.7916660308838,28.1499996185303,10.75,822,120,46,33.6797943115234,282,150,198,151,11.6333332061768,37.5268821716309,707.160888671875,34.7999992370605,3.79999995231628,31,23.3999996185303,12.4166669845581,3.79999995231628,6,9.80000019073486,13.6999998092651,18.2000007629395,21.6000003814697,22.8999996185303,22.7000007629395,20,14.8000001907349,9.10000038146973,5.09999990463257,15.1000003814697,17.7999992370605,22,25.7000007629395,28.8999996185303,32.2999992370605,34.5999984741211,34.7999992370605,31.6000003814697,27,20.7999992370605,16.7000007629395,9.5,11.8999996185303,15.8999996185303,19.7000007629395,23.6000003814697,27,28.7999992370605,28.7999992370605,25.7999992370605,20.8999996185303,15,10.8999996185303,46,55,49,67,120,95,49,54,87,86,64,50,9604,11953,15222,19328,21101,23967,25083,22862,18791,14365,10458,9084,3.70000004768372,3.90000009536743,4.19999980926514,4.09999990463257,3.79999995231628,3.59999990463257,3.29999995231628,3,2.90000009536743,3.09999990463257,3.5,3.5,0.779999971389771,0.899999976158142,1.14999997615814,1.48000001907349,2.03999996185303,2.41000008583069,2.45000004768372,2.41000008583069,2.11999988555908,1.5900000333786,1.14999997615814,0.839999973773956
11,12.1708335876465,24,-0.633333444595337,1021,128,41,28.5171337127686,340,154,292,154,11.7749996185303,30.1150894165039,989.086975097656,31.2999992370605,-7.80000019073486,39.0999984741211,17.5,-0.633333444595337,-7.80000019073486,-5,0.400000005960464,6.09999990463257,11.5,16.6000003814697,19.2000007629395,18,13.1999998092651,7,1,-4.80000019073486,2.5,6.09999990463257,12.3999996185303,18.7000007629395,23.7000007629395,28.3999996185303,31.2999992370605,30.5,26.2000007629395,19.8999996185303,11.8000001907349,5.19999980926514,-2.70000004768372,0.5,6.40000009536743,12.3999996185303,17.6000003814697,22.5,25.2000007629395,24.2000007629395,19.7000007629395,13.3999996185303,6.40000009536743,0.200000002980232,41,51,80,105,128,107,93,92,96,81,85,62,6870,9763,13666,17205,20343,22636,22852,20289,16453,11881,7421,6057,4.30000019073486,4.30000019073486,4.59999990463257,4.69999980926514,3.70000004768372,3.40000009536743,3,2.90000009536743,3.09999990463257,3.59999990463257,4.19999980926514,4.19999980926514,0.379999995231628,0.449999988079071,0.620000004768372,0.879999995231628,1.37000000476837,1.9099999666214,2.23000001907349,2.10999989509583,1.57000005245209,1.00999999046326,0.670000016689301,0.449999988079071
12,11.8625001907349,23.0666675567627,0.566666662693024,1171,108,75,10.1294755935669,315,260,305,260,10.0249996185303,28.9739875793457,909.720581054688,29.7000007629395,-4.90000009536743,34.6000022888184,22.3500003814697,0.566666662693024,-4.90000009536743,-4.19999980926514,0,4.80000019073486,10.5,15.8000001907349,19,18.2999992370605,14,7.80000019073486,3.09999990463257,-2,3.40000009536743,4.90000009536743,9.89999961853027,16,22,26.8999996185303,29.7000007629395,28.7000007629395,24.3999996185303,18.2000007629395,12.1999998092651,6.19999980926514,-0.800000011920929,0.300000011920929,4.90000009536743,10.3999996185303,16.2999992370605,21.2999992370605,24.3999996185303,23.5,19.2000007629395,13,7.59999990463257,2.09999990463257,91,75,103,103,108,90,107,108,100,89,103,94,6265,9466,12945,16489,19144,20630,20304,18026,14449,10608,6838,5568,4.59999990463257,4.69999980926514,4.80000019073486,4.59999990463257,4,3.79999995231628,3.5,3.40000009536743,3.59999990463257,3.90000009536743,4.30000019073486,4.5,0.379999995231628,0.389999985694885,0.519999980926514,0.740000009536743,1.1599999666214,1.6599999666214,2.00999999046326,1.99000000953674,1.57000005245209,1.01999998092651,0.709999978542328,0.479999989271164
13,19.6749992370605,28.0666675567627,10.5500001907349,837,121,47,33.8478965759277,286,154,194,154,11.9833335876465,38.1634826660156,711.229736328125,34.7999992370605,3.40000009536743,31.3999996185303,23.3166656494141,10.5500001907349,3.40000009536743,5.69999980926514,9.5,13.3999996185303,17.8999996185303,21.2999992370605,22.7000007629395,22.5,19.7000007629395,14.6000003814697,8.80000019073486,4.69999980926514,15.1000003814697,17.7999992370605,22.1000003814697,25.7999992370605,29.1000003814697,32.4000015258789,34.7000007629395,34.7999992370605,31.6000003814697,27.1000003814697,20.8999996185303,16.6000003814697,9.30000019073486,11.8000001907349,15.8000001907349,19.6000003814697,23.5,26.8999996185303,28.7000007629395,28.6000003814697,25.7000007629395,20.7999992370605,14.8000001907349,10.6999998092651,47,57,51,71,121,94,49,51,92,89,65,50,9540,11965,15290,19203,20740,22905,24036,21913,18520,14295,10410,9123,3.70000004768372,3.90000009536743,4.19999980926514,4.19999980926514,3.79999995231628,3.59999990463257,3.29999995231628,3,2.90000009536743,3.20000004768372,3.5,3.59999990463257,0.759999990463257,0.870000004768372,1.12000000476837,1.44000005722046,1.99000000953674,2.35999989509583,2.41000008583069,2.35999989509583,2.0699999332428,1.54999995231628,1.12000000476837,0.819999992847443
19,9.33749961853027,17.9833335876465,0.966666698455811,546,65,34,19.7419738769531,170,112,170,127,8.14166641235352,31.0750637054443,693.394592285156,23.8999996185303,-2.29999995231628,26.1999988555908,17.9833335876465,4.71666669845581,-2.29999995231628,-2.09999990463257,0.600000023841858,3.70000004768372,8.5,11.6999998092651,13.5,13.1000003814697,9.60000038146973,5.69999980926514,1.79999995231628,-0.600000023841858,2.70000004768372,4.09999990463257,8.5,13.5,19.3999996185303,22,23.8999996185303,23.7000007629395,18.7000007629395,13.1999998092651,7.19999980926514,4,0.200000002980232,1,4.5,8.60000038146973,14,16.7999992370605,18.7000007629395,18.3999996185303,14.1999998092651,9.39999961853027,4.5,1.70000004768372,40,34,39,39,50,65,50,55,44,36,41,53,2307,4501,8516,13562,17788,18943,18654,16191,10324,6112,2664,1673,4.40000009536743,4.09999990463257,4.40000009536743,3.90000009536743,3.5,3.40000009536743,3.5,3.20000004768372,3.5,3.79999995231628,4.19999980926514,4.40000009536743,0.519999980926514,0.540000021457672,0.629999995231628,0.759999990463257,1.05999994277954,1.30999994277954,1.44000005722046,1.49000000953674,1.25999999046326,0.949999988079071,0.720000028610229,0.600000023841858
20,10.0458335876465,19.2666664123535,2.41666674613953,661,83,8,49.2991981506348,242,47,50,235,13.1416664123535,39.9442749023438,694.865783691406,29.7000007629395,-3.20000004768372,32.9000015258789,3.41666650772095,19.1166667938232,-3.20000004768372,-2.70000004768372,-1.29999995231628,1.29999995231628,4.5,8.60000038146973,12,11.8000001907349,8.39999961853027,3.90000009536743,0.400000005960464,-2,6.80000019073486,8,11.1999998092651,13.6000003814697,18.1000003814697,24.2000007629395,29.7000007629395,29.2999992370605,23.5,16.5,10.8999996185303,7.59999990463257,1.79999995231628,2.59999990463257,4.90000009536743,7.40000009536743,11.3000001907349,16.3999996185303,20.7999992370605,20.5,15.8999996185303,10.1999998092651,5.59999990463257,2.79999995231628,81,71,75,71,60,33,8,9,30,62,78,83,9023,12039,15605,19557,22589,25058,26951,23697,18466,13223,9591,7923,4.59999990463257,4.90000009536743,4.80000019073486,4.40000009536743,3.79999995231628,3.29999995231628,3.20000004768372,3.29999995231628,3.59999990463257,4.30000019073486,4.40000009536743,4.59999990463257,0.550000011920929,0.560000002384186,0.589999973773956,0.649999976158142,0.769999980926514,0.949999988079071,1.03999996185303,1.10000002384186,1.02999997138977,0.870000004768372,0.709999978542328,0.620000004768372
21,8.54166698455811,17.966667175293,0.51666671037674,721,94,9,51.724967956543,273,48,52,268,12.2666664123535,37.3983726501465,715.887329101562,28.2000007629395,-4.59999990463257,32.7999992370605,1.69999992847443,17.7999992370605,-4.59999990463257,-4.09999990463257,-2.40000009536743,0.400000005960464,3.5,7.59999990463257,11,10.6999998092651,7.40000009536743,3,-0.600000023841858,-3,4.09999990463257,5.30000019073486,9.19999980926514,11.8000001907349,16.5,22.6000003814697,28.2000007629395,27.7000007629395,21.7999992370605,14.6000003814697,8.89999961853027,5.40000009536743,-0.300000011920929,0.600000023841858,3.40000009536743,6.09999990463257,10,15.1000003814697,19.6000003814697,19.2000007629395,14.6000003814697,8.80000019073486,4.19999980926514,1.20000004768372,92,82,83,76,60,34,9,9,30,65,87,94,9004,11993,15672,19589,22992,25681,27232,24446,18958,13551,9674,7900,4.5,4.90000009536743,4.5,4.19999980926514,3.59999990463257,3.40000009536743,3.09999990463257,3.09999990463257,3.29999995231628,3.79999995231628,4.19999980926514,4.59999990463257,0.509999990463257,0.519999980926514,0.550000011920929,0.610000014305115,0.709999978542328,0.860000014305115,0.980000019073486,1.02999997138977,0.939999997615814,0.800000011920929,0.670000016689301,0.579999983310699
23,7.81666660308838,22.033332824707,-8.01666641235352,757,111,19,51.2582893371582,320,68,320,68,11.466667175293,25.3127307891846,1215.29150390625,29.6000003814697,-15.6999998092651,45.2999992370605,22.033332824707,-8.01666641235352,-15.6999998092651,-11.6999998092651,-4.80000019073486,2.29999995231628,9.19999980926514,14.3999996185303,17.1000003814697,15.6000003814697,10.5,3.90000009536743,-3.90000009536743,-11.8999996185303,-5.19999980926514,-1,5.69999980926514,14.8000001907349,22.5,27.5,29.6000003814697,28,22.7000007629395,15.6999998092651,4.90000009536743,-2.59999990463257,-10.5,-6.40000009536743,0.5,8.60000038146973,15.8999996185303,21,23.3999996185303,21.7999992370605,16.6000003814697,9.80000019073486,0.5,-7.30000019073486,24,19,45,60,85,111,105,104,74,58,47,25,5188,7948,12251,16250,18802,20815,21302,18396,14197,8854,5118,4111,3.40000009536743,3.40000009536743,3.59999990463257,3.90000009536743,3.79999995231628,3.09999990463257,2.70000004768372,2.59999990463257,3,3.40000009536743,3.40000009536743,3.40000009536743,0.219999998807907,0.270000010728836,0.419999986886978,0.629999995231628,0.990000009536743,1.50999999046326,1.86000001430511,1.77999997138977,1.28999996185303,0.779999971389771,0.479999989271164,0.28999999165535
24,5.41249990463257,13.3000001907349,-2.34999990463257,1239,170,63,35.2827072143555,478,206,478,206,7.875,31.6265068054199,644.395874023438,18.7000007629395,-6.19999980926514,24.9000015258789,13.3000001907349,-2.34999990463257,-6.19999980926514,-5.80000019073486,-3,-0.200000002980232,4.19999980926514,7.19999980926514,9.5,9.69999980926514,6.59999990463257,2.79999995231628,-2.09999990463257,-5,0.400000005960464,1.39999997615814,4.5,7.80000019073486,13.1999998092651,16.1000003814697,18.7000007629395,18.6000003814697,15.1999998092651,10.6999998092651,4.5,1.10000002384186,-2.90000009536743,-2.20000004768372,0.800000011920929,3.79999995231628,8.69999980926514,11.6999998092651,14.1000003814697,14.1000003814697,10.8999996185303,6.69999980926514,1.20000004768372,-2,65,63,82,88,112,155,170,153,106,82,85,78,4505,7439,11087,14933,17909,18426,18745,16256,12682,8635,4924,3639,2.70000004768372,2.59999990463257,2.79999995231628,2.90000009536743,2.90000009536743,2.70000004768372,2.59999990463257,2.5,2.59999990463257,2.70000004768372,2.70000004768372,2.59999990463257,0.319999992847443,0.349999994039536,0.449999988079071,0.540000021457672,0.769999980926514,0.939999997615814,1.11000001430511,1.12000000476837,0.939999997615814,0.670000016689301,0.46000000834465,0.379999995231628
25,7.90000009536743,16.3333339691162,-0.550000011920929,787,107,40,33.907844543457,293,125,293,132,8.81666660308838,32.7757110595703,687.363220214844,22.5,-4.40000009536743,26.8999996185303,16.3333339691162,0.716666698455811,-4.40000009536743,-3.90000009536743,-0.5,2.40000009536743,7,10,11.6000003814697,11.1000003814697,7.80000019073486,3.90000009536743,-0.300000011920929,-2.79999995231628,1.60000002384186,3.40000009536743,8.10000038146973,12.1000003814697,17.7999992370605,20.3999996185303,22.5,22.3999996185303,18.2000007629395,12.3999996185303,6,2.79999995231628,-1.39999997615814,-0.300000011920929,3.79999995231628,7.19999980926514,12.3999996185303,15.1999998092651,17,16.7999992370605,13,8.19999980926514,2.90000009536743,0,41,40,44,56,77,98,107,88,71,56,58,51,3665,6472,10133,14502,18271,19003,19106,16679,12022,7364,3889,2784,3.09999990463257,2.90000009536743,3.29999995231628,3,2.70000004768372,2.59999990463257,2.5,2.29999995231628,2.40000009536743,2.5,2.79999995231628,3,0.479999989271164,0.5,0.629999995231628,0.759999990463257,1.03999996185303,1.28999996185303,1.42999994754791,1.45000004768372,1.20000004768372,0.910000026226044,0.649999976158142,0.540000021457672
26,18.625,25.2666664123535,10.8500003814697,169,39,0,105.452392578125,108,0,0,108,11.9666662216187,43.6739616394043,597.644958496094,32.4000015258789,5,27.4000015258789,10.8500003814697,25.2666664123535,5,6,8.10000038146973,11.6999998092651,14.8000001907349,17.3999996185303,19.2999992370605,19.3999996185303,18,15.1999998092651,10.5,6.30000019073486,14.8000001907349,16.3999996185303,19.5,24.7000007629395,28.2999992370605,31,32.4000015258789,32.0999984741211,30.3999996185303,27.2999992370605,21.7999992370605,16.6000003814697,9.89999961853027,11.1999998092651,13.8000001907349,18.2000007629395,21.6000003814697,24.2000007629395,25.7999992370605,25.7999992370605,24.2000007629395,21.2999992370605,16.1000003814697,11.5,39,34,28,8,2,0,0,0,0,3,20,35,10750,14167,18026,22189,25789,27832,27367,25556,21939,17283,13042,10210,2.90000009536743,3.20000004768372,2.90000009536743,2.5,2.90000009536743,3.09999990463257,3.09999990463257,3.09999990463257,2.5,2.40000009536743,2,2.70000004768372,0.75,0.759999990463257,0.819999992847443,0.870000004768372,1,1.23000001907349,1.44000005722046,1.57000005245209,1.50999999046326,1.27999997138977,0.990000009536743,0.819999992847443
27,5.33750009536743,15.8499994277954,-4.90000009536743,645,79,31,31.3479251861572,225,98,222,119,8.17500019073486,26.1182117462158,843.097961425781,22.3999996185303,-8.89999961853027,31.2999992370605,14.4333333969116,-0.716666638851166,-8,-8.89999961853027,-5,0.300000011920929,5.19999980926514,9.39999961853027,11.6000003814697,10.5,6.09999990463257,2.09999990463257,-2,-6.30000019073486,-2.5,-2.5,2.09999990463257,9.69999980926514,17,20.2999992370605,22.3999996185303,20.8999996185303,15.1000003814697,9,2.79999995231628,-1.20000004768372,-5.19999980926514,-5.69999980926514,-1.39999997615814,5,11.1000003814697,14.8000001907349,17,15.6999998092651,10.6000003814697,5.5,0.400000005960464,-3.79999995231628,40,31,31,36,49,67,76,79,70,62,56,48,1409,3823,8161,12729,18400,20108,19067,14852,8806,4231,1533,839,3.5,3.20000004768372,3.20000004768372,3.09999990463257,3,2.70000004768372,2.5,2.40000009536743,2.79999995231628,3.09999990463257,3.5,3.5,0.349999994039536,0.330000013113022,0.419999986886978,0.579999983310699,0.839999973773956,1.14999997615814,1.45000004768372,1.37000000476837,1.02999997138977,0.769999980926514,0.560000002384186,0.419999986886978
28,14.8791666030884,24.4500007629395,5,1154,109,79,11.0394144058228,315,257,314,273,13.1750001907349,38.8643074035645,784.913024902344,31.7999992370605,-2.09999990463257,33.8999977111816,23.8500003814697,10.3500003814697,-2.09999990463257,-0.899999976158142,3,7.19999980926514,11.8999996185303,16.7000007629395,19.2000007629395,18.5,15.1000003814697,8,3.5,-0.600000023841858,9.60000038146973,12.1000003814697,16.7000007629395,22.1000003814697,25.8999996185303,29.7000007629395,31.7999992370605,30.7999992370605,27.7000007629395,22.2000007629395,17.1000003814697,11.8999996185303,3.70000004768372,5.59999990463257,9.80000019073486,14.6000003814697,18.8999996185303,23.2000007629395,25.5,24.6000003814697,21.3999996185303,15.1000003814697,10.3000001907349,5.59999990463257,100,91,107,79,108,97,108,109,98,90,85,82,8259,10923,14803,18711,21066,21712,21415,19313,15756,12587,9188,7569,2.59999990463257,2.70000004768372,2.90000009536743,2.90000009536743,2.5,2.20000004768372,2,1.89999997615814,2.09999990463257,2.09999990463257,2.29999995231628,2.40000009536743,0.519999980926514,0.550000011920929,0.730000019073486,0.970000028610229,1.48000001907349,2.01999998092651,2.34999990463257,2.29999995231628,1.87000000476837,1.21000003814697,0.829999983310699,0.600000023841858
30,8.97083282470703,15.8500003814697,2.38333320617676,801,86,44,19.4610691070557,237,150,215,192,7.30833339691162,33.2196998596191,554.036682128906,21.3999996185303,-0.600000023841858,22,9.63333320617676,4.75,-0.5,-0.600000023841858,1.39999997615814,3.29999995231628,7.19999980926514,9.89999961853027,11.8999996185303,11.8000001907349,9.39999961853027,6.19999980926514,2.90000009536743,0.899999976158142,4.30000019073486,4.69999980926514,8.10000038146973,11.6000003814697,16.5,19.1000003814697,21,21.3999996185303,17.7999992370605,13.1999998092651,8.30000019073486,5.5,1.89999997615814,2.09999990463257,4.69999980926514,7.40000009536743,11.8000001907349,14.5,16.5,16.6000003814697,13.6000003814697,9.69999980926514,5.59999990463257,3.20000004768372,68,47,59,44,54,73,77,65,77,74,86,77,2254,4522,7882,13052,16874,17866,16753,14749,10111,6031,2838,1684,5.59999990463257,5.30000019073486,5.40000009536743,4.80000019073486,4.59999990463257,4.40000009536743,4.30000019073486,4,4.40000009536743,4.80000019073486,5.09999990463257,5.40000009536743,0.639999985694885,0.629999995231628,0.730000019073486,0.810000002384186,1.05999994277954,1.28999996185303,1.5,1.49000000953674,1.33000004291534,1.05999994277954,0.829999983310699,0.689999997615814
32,15.3208332061768,22.2666664123535,9.58333301544189,513,81,8,47.0770874023438,202,48,85,149,9.17500019073486,39.0425567626953,531.021545410156,28.2999992370605,4.80000019073486,23.5,13.3666667938232,21.9833335876465,4.80000019073486,4.80000019073486,5.80000019073486,7.59999990463257,11.1999998092651,15,17.6000003814697,18.3999996185303,16.1000003814697,12.8000001907349,8.5,6.19999980926514,13.3999996185303,13.6999998092651,15.3000001907349,17,20.7000007629395,24.6000003814697,28,28.2999992370605,25.2000007629395,21.1000003814697,17,14.6000003814697,9.10000038146973,9.30000019073486,10.6000003814697,12.3000001907349,15.8999996185303,19.7999992370605,22.7999992370605,23.2999992370605,20.7000007629395,16.8999996185303,12.8000001907349,10.3999996185303,50,40,40,45,33,18,8,22,55,81,62,59,7414,10471,14182,18326,22575,24965,25816,22904,16603,11748,8211,6472,3.5,3.59999990463257,3.59999990463257,3.59999990463257,3.29999995231628,3.40000009536743,3.29999995231628,3.20000004768372,3.09999990463257,3.40000009536743,3.29999995231628,3.59999990463257,0.899999976158142,0.930000007152557,0.959999978542328,1.10000002384186,1.29999995231628,1.64999997615814,1.88999998569489,1.96000003814697,1.77999997138977,1.48000001907349,1.19000005722046,1.02999997138977
33,10.6999998092651,19.0666656494141,2.88333320617676,1130,122,74,13.8233804702759,321,234,321,248,8.53333282470703,32.4461326599121,661.616455078125,25.6000003814697,-0.699999988079071,26.3000011444092,17.1666660308838,3.93333315849304,-0.699999988079071,-0.100000001490116,2,4.69999980926514,9.10000038146973,12.1999998092651,14.6000003814697,14.3000001907349,10.8999996185303,7.09999990463257,2.59999990463257,0.5,5,6.69999980926514,10.6999998092651,14.1999998092651,19.1000003814697,22.3999996185303,25.6000003814697,25.2999992370605,20.7999992370605,14.8999996185303,9,5.90000009536743,2.20000004768372,3.29999995231628,6.40000009536743,9.39999961853027,14.1000003814697,17.2999992370605,20.1000003814697,19.7999992370605,15.8999996185303,11,5.80000019073486,3.20000004768372,81,79,74,87,99,122,100,99,105,99,97,88,4218,7144,11515,15682,18447,21315,21675,18469,13702,8275,4641,3431,1.89999997615814,2,2.20000004768372,2.29999995231628,2,1.89999997615814,1.79999995231628,1.70000004768372,1.60000002384186,1.60000002384186,1.79999995231628,2,0.540000021457672,0.550000011920929,0.649999976158142,0.769999980926514,1.11000001430511,1.28999996185303,1.5,1.51999998092651,1.32000005245209,1.03999996185303,0.730000019073486,0.610000014305115
35,10.1208333969116,15.9166660308838,5.05000019073486,739,78,45,16.9439697265625,224,159,165,205,7.30833292007446,37.4786338806152,449.663787841797,21.2999992370605,1.79999995231628,19.5,5.96666669845581,14.3000001907349,2,1.79999995231628,3.09999990463257,4.09999990463257,7.19999980926514,10.1000003814697,12.1999998092651,12.1000003814697,10,7.40000009536743,4.5,3.09999990463257,7.5,7.59999990463257,9.89999961853027,12.3999996185303,16.1000003814697,18.8999996185303,21.2999992370605,20.8999996185303,17.7999992370605,14.1999998092651,10.3999996185303,8.30000019073486,4.69999980926514,4.69999980926514,6.5,8.30000019073486,11.6000003814697,14.5,16.7000007629395,16.5,13.8999996185303,10.8000001907349,7.5,5.69999980926514,75,52,60,48,54,60,45,60,68,68,71,78,2617,4800,8659,13330,17265,18442,17764,15188,10851,6188,3292,2081,4.09999990463257,4.09999990463257,4.09999990463257,3.79999995231628,3.59999990463257,3.40000009536743,3.29999995231628,3.09999990463257,3.20000004768372,3.40000009536743,3.5,3.79999995231628,0.730000019073486,0.720000028610229,0.769999980926514,0.810000002384186,1.02999997138977,1.22000002861023,1.41999995708466,1.38999998569489,1.25,1.04999995231628,0.879999995231628,0.790000021457672
37,7.52916669845581,13.4166669845581,2.25,2016,232,85,31.1015701293945,682,307,404,577,4.90833330154419,29.0433940887451,464.779815673828,16.7999992370605,-0.100000001490116,16.8999996185303,8.23333358764648,9.16666698455811,0,-0.100000001490116,1.10000002384186,2.59999990463257,6.5,9.30000019073486,11.1999998092651,11.3000001907349,8.80000019073486,6.30000019073486,3,0.899999976158142,3.90000009536743,4,5.80000019073486,8.30000019073486,13,15.3000001907349,16.7999992370605,16.6000003814697,13.8000001907349,10.6000003814697,6.90000009536743,4.80000019073486,2,1.89999997615814,3.5,5.5,9.69999980926514,12.3000001907349,14,14,11.3000001907349,8.39999961853027,5,2.79999995231628,193,156,158,110,85,112,124,168,232,224,226,228,1325,3420,7171,12897,17525,18726,17015,13522,8633,4434,1739,875,6.19999980926514,5.40000009536743,5.5,4.90000009536743,4.5,4.40000009536743,4.19999980926514,4.30000019073486,5.09999990463257,5.5,5.80000019073486,5.90000009536743,0.579999983310699,0.569999992847443,0.579999983310699,0.660000026226044,0.870000004768372,1.05999994277954,1.28999996185303,1.29999995231628,1.08000004291534,0.930000007152557,0.699999988079071,0.639999985694885
41,8.91666698455811,17.716667175293,0.166666626930237,502,74,21,47.5635070800781,210,69,207,69,8.43333339691162,30.8913307189941,715.21875,24,-3.29999995231628,27.2999992370605,16.1833343505859,0.166666626930237,-3.29999995231628,-2.70000004768372,0.5,3.5,8.19999980926514,11.1999998092651,13,12.6000003814697,9.10000038146973,4.90000009536743,1,-1.60000002384186,1.89999997615814,3.59999990463257,8.39999961853027,13.5,19.2000007629395,21.7000007629395,23.7999992370605,24,19,13.1000003814697,6.30000019073486,3.09999990463257,-0.699999988079071,0.400000005960464,4.5,8.5,13.6999998092651,16.3999996185303,18.3999996185303,18.2999992370605,14,9,3.70000004768372,0.800000011920929,22,21,29,29,67,69,74,64,40,30,31,26,2938,5511,9085,14321,17952,19215,18535,16249,11218,6732,3182,2189,3.40000009536743,3.40000009536743,3.5,3.20000004768372,3,2.70000004768372,2.70000004768372,2.5,2.59999990463257,2.79999995231628,3.09999990463257,3.40000009536743,0.469999998807907,0.509999990463257,0.610000014305115,0.740000009536743,1.02999997138977,1.29999995231628,1.4099999666214,1.39999997615814,1.19000005722046,0.889999985694885,0.660000026226044,0.529999971389771
42,8.34166622161865,17.8333339691162,-1.03333330154419,525,75,24,37.5516319274902,202,76,202,85,8.31666660308838,29.0792541503906,769.066223144531,23.8999996185303,-4.69999980926514,28.5999984741211,17.8333339691162,4.96705361285876e-08,-4.69999980926514,-3.90000009536743,-1.10000002384186,3.29999995231628,8.5,11.6000003814697,13.1999998092651,12.5,8.69999980926514,4.40000009536743,0.400000005960464,-2.70000004768372,0.699999988079071,2.20000004768372,6.80000019073486,13.1999998092651,19.5,22.2999992370605,23.8999996185303,23.5,17.7999992370605,12.1000003814697,5.80000019073486,2.20000004768372,-2,-0.800000011920929,2.79999995231628,8.30000019073486,14,17,18.6000003814697,18,13.1999998092651,8.19999980926514,3.09999990463257,-0.300000011920929,25,24,27,36,52,69,75,58,47,37,39,36,2456,4742,9283,13571,18475,19418,18771,16042,10766,6096,2692,1705,4.19999980926514,4,4.09999990463257,3.70000004768372,3.29999995231628,3.09999990463257,3,2.79999995231628,3.09999990463257,3.5,3.90000009536743,4.09999990463257,0.449999988079071,0.469999998807907,0.569999992847443,0.75,1.07000005245209,1.3400000333786,1.50999999046326,1.45000004768372,1.20000004768372,0.910000026226044,0.649999976158142,0.519999980926514
43,16.6291656494141,25,8.96666717529297,627,125,3,82.6024322509766,328,16,16,322,8.67500019073486,33.1106872558594,662.102233886719,31.1000003814697,4.90000009536743,26.2000007629395,10.4166669845581,25,4.90000009536743,5.19999980926514,6.59999990463257,10.3000001907349,14.3000001907349,18.5,20.7999992370605,20.2999992370605,17.2999992370605,13.3999996185303,9.30000019073486,6.59999990463257,11.6000003814697,12.1999998092651,14.6999998092651,19.2999992370605,23.8999996185303,28.7999992370605,31.1000003814697,30.5,27.2999992370605,22.1000003814697,16.7999992370605,13.3000001907349,8.19999980926514,8.69999980926514,10.6999998092651,14.8000001907349,19.1000003814697,23.6000003814697,25.8999996185303,25.3999996185303,22.2999992370605,17.7999992370605,13.1000003814697,9.89999961853027,108,89,73,47,24,9,4,3,12,38,95,125,7131,9792,14107,19385,23846,27018,27265,25731,20085,13873,8711,6485,4,4.30000019073486,3.90000009536743,3.29999995231628,3.20000004768372,3.5,4.30000019073486,4.40000009536743,3.79999995231628,3.79999995231628,3.59999990463257,4,0.810000002384186,0.810000002384186,0.899999976158142,1.13999998569489,1.42999994754791,1.71000003814697,1.87999999523163,1.9099999666214,1.64999997615814,1.38999998569489,1.10000002384186,0.930000007152557
45,14.4708337783813,23.5499992370605,6.68333339691162,390,48,11,38.4283905029297,137,50,51,113,11.4083337783813,37.1606941223145,692.027526855469,32.2000007629395,1.5,30.7000007629395,10.3333339691162,23.3500003814697,1.5,2.70000004768372,4.5,6.30000019073486,9.89999961853027,14.5,17.7000007629395,17.2999992370605,13.8999996185303,9.30000019073486,4.90000009536743,2.70000004768372,10.1999998092651,12.3999996185303,15.8999996185303,17.6000003814697,21.8999996185303,27.7999992370605,32.2000007629395,31.7999992370605,27.2000007629395,20.2000007629395,14.3000001907349,10.6000003814697,5.90000009536743,7.59999990463257,10.1999998092651,11.8999996185303,15.8999996185303,21.1000003814697,25,24.6000003814697,20.6000003814697,14.6999998092651,9.60000038146973,6.59999990463257,36,29,24,41,47,26,14,11,25,42,47,48,6952,10220,14147,18762,22063,25097,27048,23796,17617,11700,7857,5985,1.89999997615814,2.29999995231628,2.5,2.70000004768372,2.5,2.40000009536743,2.29999995231628,2.20000004768372,2,2.09999990463257,1.89999997615814,2,0.709999978542328,0.720000028610229,0.759999990463257,0.829999983310699,1.02999997138977,1.25999999046326,1.37000000476837,1.36000001430511,1.22000002861023,1.04999995231628,0.860000014305115,0.759999990463257
46,9.52499961853027,17.9500007629395,1.43333327770233,600,67,40,16.4263896942139,182,124,178,143,8.80000019073486,33.4600791931152,671.265747070312,24.2999992370605,-2,26.2999992370605,16.4333343505859,5.28333330154419,-2,-1.79999995231628,1.10000002384186,3.70000004768372,8.10000038146973,11.3999996185303,13.1000003814697,12.5,9,5.09999990463257,1.70000004768372,-0.400000005960464,3.29999995231628,5,9.60000038146973,14.1000003814697,19.5,22.2000007629395,24.2999992370605,24.2000007629395,19.5,13.5,7.40000009536743,4.5,0.600000023841858,1.60000002384186,5.40000009536743,8.89999961853027,13.8000001907349,16.7999992370605,18.7000007629395,18.2999992370605,14.3000001907349,9.30000019073486,4.59999990463257,2,46,40,42,42,56,67,59,52,42,49,48,57,2927,5646,9125,13940,17821,18694,18678,16533,11392,6566,3333,2276,2.90000009536743,2.79999995231628,3.09999990463257,2.90000009536743,2.59999990463257,2.5,2.40000009536743,2.29999995231628,2.29999995231628,2.40000009536743,2.70000004768372,2.90000009536743,0.519999980926514,0.550000011920929,0.660000026226044,0.769999980926514,1.05999994277954,1.28999996185303,1.48000001907349,1.49000000953674,1.22000002861023,0.930000007152557,0.709999978542328,0.600000023841858
47,9.44166660308838,18.1166667938232,1.04999995231628,544,65,34,19.9585037231445,170,111,170,126,8.18333339691162,30.9974746704102,695.664611816406,24.1000003814697,-2.29999995231628,26.3999996185303,18.1166667938232,4.83333349227905,-2.29999995231628,-2,0.699999988079071,3.79999995231628,8.60000038146973,11.8000001907349,13.6000003814697,13.1999998092651,9.69999980926514,5.69999980926514,1.89999997615814,-0.5,2.79999995231628,4.19999980926514,8.60000038146973,13.6999998092651,19.7000007629395,22.2000007629395,24.1000003814697,23.7999992370605,18.7000007629395,13.3000001907349,7.19999980926514,4.09999990463257,0.300000011920929,1.10000002384186,4.69999980926514,8.80000019073486,14.1000003814697,17,18.8999996185303,18.5,14.1999998092651,9.5,4.59999990463257,1.79999995231628,40,34,39,38,51,65,50,55,43,36,41,52,2331,4516,8515,13598,17760,18856,18775,16136,10371,6096,2642,1663,4.40000009536743,4.09999990463257,4.40000009536743,3.79999995231628,3.40000009536743,3.40000009536743,3.40000009536743,3.20000004768372,3.40000009536743,3.70000004768372,4.19999980926514,4.40000009536743,0.529999971389771,0.550000011920929,0.639999985694885,0.769999980926514,1.07000005245209,1.30999994277954,1.48000001907349,1.48000001907349,1.24000000953674,0.970000028610229,0.720000028610229,0.600000023841858
48,7.33333349227905,19.8333339691162,-5.81666660308838,864,100,41,24.4071979522705,278,147,273,149,10.783332824707,26.9583339691162,1038.94250488281,27.2999992370605,-12.6999998092651,40,18.9166660308838,-4.98333311080933,-12.6999998092651,-12,-6,0.600000023841858,6.90000009536743,12.1000003814697,15.1999998092651,14.3999996185303,9.80000019073486,3.90000009536743,-0.899999976158142,-8,-2.29999995231628,-1.10000002384186,4.19999980926514,11.3999996185303,19.2000007629395,24.1000003814697,27.2999992370605,25.8999996185303,20.8999996185303,14.3000001907349,7.59999990463257,1.20000004768372,-7.5,-6.5,-0.899999976158142,6,13,18.1000003814697,21.2000007629395,20.1000003814697,15.3000001907349,9.10000038146973,3.40000009536743,-3.40000009536743,51,41,55,69,80,83,90,100,88,75,75,57,5471,8604,12114,16109,18721,20950,20514,17870,13644,8623,5000,4129,2.90000009536743,2.90000009536743,3.09999990463257,3.20000004768372,2.79999995231628,2.5,2.29999995231628,2.09999990463257,2.29999995231628,2.59999990463257,2.90000009536743,2.90000009536743,0.25,0.270000010728836,0.400000005960464,0.610000014305115,0.980000019073486,1.48000001907349,1.75999999046326,1.71000003814697,1.30999994277954,0.819999992847443,0.560000002384186,0.340000003576279
49,9.39166641235352,17.8500003814697,1.18333339691162,864,108,46,27.1407661437988,298,148,298,162,7.70000028610229,30.1960773468018,680.290161132812,23.7000007629395,-1.79999995231628,25.5,17.8500003814697,2.40000009536743,-1.79999995231628,-1.39999997615814,1.20000004768372,3.90000009536743,8.39999961853027,11.6000003814697,13.6999998092651,13.3999996185303,10.1999998092651,6.19999980926514,1.70000004768372,-0.600000023841858,2.70000004768372,4.40000009536743,9.30000019073486,13.1000003814697,18.5,21.2999992370605,23.7000007629395,23.3999996185303,19.1000003814697,12.8000001907349,6.80000019073486,3.79999995231628,0.5,1.5,5.19999980926514,8.5,13.3999996185303,16.3999996185303,18.7000007629395,18.3999996185303,14.6000003814697,9.5,4.30000019073486,1.60000002384186,46,53,49,69,83,108,102,88,70,63,70,63,3743,6474,10479,14759,18077,19629,19559,17051,12319,7454,4208,2938,2.20000004768372,2.29999995231628,2.40000009536743,2.40000009536743,2.20000004768372,2.09999990463257,2,1.89999997615814,1.89999997615814,1.89999997615814,2.09999990463257,2.20000004768372,0.519999980926514,0.540000021457672,0.660000026226044,0.769999980926514,1.07000005245209,1.30999994277954,1.51999998092651,1.51999998092651,1.30999994277954,0.970000028610229,0.689999997615814,0.589999973773956
50,6.18333339691162,18.3999996185303,-6.63333320617676,854,89,49,20.6785697937012,256,155,256,159,9.25,24.7326202392578,1029.62109375,25.2999992370605,-12.1000003814697,37.4000015258789,18.3999996185303,-6.30000019073486,-12.1000003814697,-11.8999996185303,-7.19999980926514,-0.400000005960464,5.69999980926514,10.6999998092651,14.1000003814697,13.8999996185303,10,4.19999980926514,-0.899999976158142,-7.40000009536743,-4.30000019073486,-3.70000004768372,1.39999997615814,8.89999961853027,16.8999996185303,22,25.2999992370605,24.3999996185303,19.8999996185303,13.1000003814697,6.19999980926514,-0.400000005960464,-8.19999980926514,-7.80000019073486,-2.90000009536743,4.19999980926514,11.3000001907349,16.3999996185303,19.7000007629395,19.1000003814697,14.8999996185303,8.60000038146973,2.59999990463257,-3.90000009536743,53,49,53,64,83,83,84,89,83,73,83,57,5047,8488,12357,16138,19219,21473,21361,18169,13790,8586,4775,3949,4.69999980926514,4.5,4.5,4.5,4,3.5,3.40000009536743,3.20000004768372,3.5,4.09999990463257,4.5,4.69999980926514,0.319999992847443,0.310000002384186,0.409999996423721,0.600000023841858,0.939999997615814,1.4099999666214,1.67999994754791,1.66999995708466,1.3400000333786,0.879999995231628,0.610000014305115,0.400000005960464
51,8.60416698455811,20.4500007629395,-3.51666665077209,832,85,49,16.3052215576172,241,158,229,168,8.30833339691162,23.5363540649414,978.610961914062,26.7000007629395,-8.60000038146973,35.3000030517578,19.8000011444092,-2.90000009536743,-8.60000038146973,-7.69999980926514,-3.29999995231628,2.5,8.60000038146973,13.6999998092651,16.7999992370605,16.2000007629395,12.3000001907349,6.30000019073486,1.29999995231628,-4.69999980926514,-1.39999997615814,-0.600000023841858,4.19999980926514,11.1999998092651,18.5,23.7000007629395,26.7000007629395,25.6000003814697,21.2000007629395,14.3000001907349,7.80000019073486,1.89999997615814,-5,-4.19999980926514,0.400000005960464,6.90000009536743,13.6000003814697,18.7000007629395,21.7999992370605,20.8999996185303,16.7999992370605,10.3000001907349,4.5,-1.39999997615814,54,49,55,72,76,73,75,81,85,68,79,65,4983,8266,12190,16019,19229,21330,21179,18153,13852,8744,4859,3942,4.90000009536743,4.59999990463257,4.5,4.5,3.79999995231628,3.40000009536743,3.29999995231628,3.20000004768372,3.5,4,4.5,4.80000019073486,0.340000003576279,0.349999994039536,0.449999988079071,0.649999976158142,1.00999999046326,1.49000000953674,1.77999997138977,1.77999997138977,1.42999994754791,0.939999997615814,0.649999976158142,0.430000007152557
52,9.26666641235352,17.4499988555908,1.21666669845581,523,74,28,31.1893520355225,183,94,183,96,8.35000038146973,31.6287879943848,663.106750488281,24.2999992370605,-2.09999990463257,26.3999996185303,17.4499988555908,2.16666674613953,-2.09999990463257,-1.70000004768372,1,3.59999990463257,7.80000019073486,11,12.6999998092651,12.3999996185303,9.5,5.5,1.79999995231628,-0.400000005960464,3,4.19999980926514,8.60000038146973,13.1000003814697,18.5,20.8999996185303,23.3999996185303,24.2999992370605,19.3999996185303,14,7.59999990463257,4.30000019073486,0.5,1.29999995231628,4.80000019073486,8.30000019073486,13.1999998092651,16,18.1000003814697,18.2999992370605,14.3999996185303,9.69999980926514,4.69999980926514,2,29,28,37,33,56,50,74,59,44,32,42,39,2577,4980,8561,13301,17366,18862,18183,15771,10174,6127,2873,1941,3.90000009536743,3.59999990463257,3.90000009536743,3.40000009536743,3.09999990463257,3,2.90000009536743,2.79999995231628,3,3.20000004768372,3.59999990463257,3.70000004768372,0.519999980926514,0.550000011920929,0.649999976158142,0.800000011920929,1.07000005245209,1.30999994277954,1.47000002861023,1.46000003814697,1.24000000953674,0.980000019073486,0.740000009536743,0.540000021457672
53,9.55416679382324,17.8166656494141,1.53333330154419,515,71,28,29.2967414855957,177,95,177,96,7.89166688919067,30.8268241882324,663.8984375,23.8999996185303,-1.70000004768372,25.6000003814697,17.8166656494141,2.48333334922791,-1.70000004768372,-1.29999995231628,1.5,4.09999990463257,8.39999961853027,11.6000003814697,13.3999996185303,13.1000003814697,10.1000003814697,6,2.20000004768372,-0.100000001490116,3.29999995231628,4.5,8.60000038146973,13.1000003814697,18.7000007629395,21.3999996185303,23.5,23.8999996185303,19,13.8000001907349,7.69999980926514,4.5,0.800000011920929,1.60000002384186,5.09999990463257,8.60000038146973,13.6000003814697,16.5,18.5,18.5,14.6000003814697,9.89999961853027,4.90000009536743,2.20000004768372,30,28,37,33,54,49,71,57,45,32,41,38,2537,4935,8543,13308,17470,18812,18429,15997,10155,6093,2834,1907,4,3.59999990463257,4,3.5,3.09999990463257,3,3,2.79999995231628,3,3.20000004768372,3.70000004768372,3.79999995231628,0.519999980926514,0.550000011920929,0.649999976158142,0.800000011920929,1.08000004291534,1.32000005245209,1.48000001907349,1.44000005722046,1.25,0.970000028610229,0.730000019073486,0.569999992847443
54,10.7875003814697,18.2666664123535,3.70000004768372,772,82,47,15.6001443862915,232,161,229,173,7.47500038146973,32.5,594.95654296875,23.6000003814697,0.600000023841858,23,16.783332824707,6.69999980926514,0.800000011920929,0.600000023841858,3.09999990463257,5.30000019073486,9.5,12.3999996185303,14.3999996185303,14,11,7.5,3.90000009536743,2.09999990463257,5.40000009536743,6.69999980926514,10.3999996185303,14.1000003814697,19.2000007629395,21.6000003814697,23.6000003814697,23.6000003814697,19.3999996185303,14.5,9.19999980926514,6.59999990463257,3.09999990463257,3.59999990463257,6.80000019073486,9.69999980926514,14.3999996185303,17,19,18.7999992370605,15.1999998092651,11,6.5,4.30000019073486,59,47,61,53,69,82,81,66,67,58,62,67,2420,5000,8268,13256,17092,17510,17184,15186,10542,6320,3097,1866,3.79999995231628,3.5,3.59999990463257,3.29999995231628,2.90000009536743,2.79999995231628,2.90000009536743,2.70000004768372,2.79999995231628,3.09999990463257,3.40000009536743,3.5,0.620000004768372,0.600000023841858,0.730000019073486,0.810000002384186,1.08000004291534,1.32000005245209,1.47000002861023,1.50999999046326,1.32000005245209,1.01999998092651,0.790000021457672,0.670000016689301
55,8.93333339691162,16.3166656494141,2.11666655540466,811,88,46,21.8354587554932,245,150,243,157,8.81666660308838,35.9863967895508,585.47314453125,22.7999992370605,-1.70000004768372,24.5,14.3833332061768,2.95000004768372,-1.70000004768372,-1.20000004768372,0.699999988079071,2.29999995231628,6.5,9.39999961853027,11.8000001907349,11.6000003814697,8.69999980926514,5.59999990463257,1.20000004768372,-0.600000023841858,4.69999980926514,5.90000009536743,9.30000019073486,11.6999998092651,16.2999992370605,19.5,22.7999992370605,22.7999992370605,19.1000003814697,14.1000003814697,8.30000019073486,5.59999990463257,1.5,2.29999995231628,5,7,11.3999996185303,14.5,17.2999992370605,17.2000007629395,13.8999996185303,9.89999961853027,4.69999980926514,2.5,55,46,49,62,88,87,70,86,81,67,64,56,4269,7221,11807,15339,18395,20890,21509,18802,13978,8736,4886,3461,3.5,3.70000004768372,3.79999995231628,3.79999995231628,3.40000009536743,3.09999990463257,3.09999990463257,2.90000009536743,2.90000009536743,3.20000004768372,3.40000009536743,3.5,0.560000002384186,0.560000002384186,0.629999995231628,0.699999988079071,0.980000019073486,1.20000004768372,1.37000000476837,1.36000001430511,1.1599999666214,0.939999997615814,0.699999988079071,0.589999973773956
56,5.31666660308838,15.5,-3.90000009536743,679,76,34,29.0162220001221,218,115,193,154,6.96666669845581,23.7770214080811,792.376586914062,20.8999996185303,-8.39999961853027,29.2999992370605,10.716667175293,3.66666674613953,-6.90000009536743,-8.39999961853027,-4.90000009536743,-0.699999988079071,4.59999990463257,9.69999980926514,12.3000001907349,11.3999996185303,7.19999980926514,3.40000009536743,-0.899999976158142,-4.80000019073486,-1.60000002384186,-2.20000004768372,1.5,6.90000009536743,14.6000003814697,19.1000003814697,20.8999996185303,19.6000003814697,14.1000003814697,8.60000038146973,3.59999990463257,0.5,-4.19999980926514,-5.30000019073486,-1.70000004768372,3.09999990463257,9.60000038146973,14.3999996185303,16.6000003814697,15.5,10.6000003814697,6,1.39999997615814,-2.09999990463257,51,37,42,39,34,45,72,76,67,75,75,66,1024,3186,7884,13169,18838,20819,19282,14806,8770,4026,1269,540,5.40000009536743,4.90000009536743,4.59999990463257,4.40000009536743,4.30000019073486,4.19999980926514,4,4.09999990463257,4.69999980926514,5.19999980926514,5.5,5.5,0.419999986886978,0.379999995231628,0.46000000834465,0.569999992847443,0.790000021457672,1.12000000476837,1.39999997615814,1.37999999523163,1.04999995231628,0.810000002384186,0.620000004768372,0.479999989271164
57,9.75833320617676,16.6000003814697,3.21666669845581,797,82,47,16.3771095275879,237,162,199,194,8.01666641235352,35.6296310424805,549.50732421875,22.3999996185303,-0.100000001490116,22.5,6.86666679382324,5.65000009536743,0.100000001490116,-0.100000001490116,2,3.59999990463257,7.69999980926514,10.3999996185303,12.5,12,9.69999980926514,6.40000009536743,3.29999995231628,1.39999997615814,5.40000009536743,6,9.5,12.8999996185303,17.7999992370605,20.1000003814697,22.2000007629395,22.3999996185303,18.7999992370605,14.3000001907349,9.30000019073486,6.5,2.70000004768372,3,5.69999980926514,8.30000019073486,12.6999998092651,15.3000001907349,17.3999996185303,17.2000007629395,14.1999998092651,10.3000001907349,6.30000019073486,3.90000009536743,67,50,65,47,60,71,71,57,72,78,82,77,2426,4768,8123,13182,17052,17913,17091,15115,10332,6182,3038,1838,4.69999980926514,4.40000009536743,4.40000009536743,4,3.79999995231628,3.59999990463257,3.5,3.20000004768372,3.40000009536743,3.70000004768372,4,4.40000009536743,0.660000026226044,0.629999995231628,0.75,0.810000002384186,1.04999995231628,1.27999997138977,1.49000000953674,1.50999999046326,1.33000004291534,1.05999994277954,0.839999973773956,0.709999978542328
58,1.94166672229767,10.0833330154419,-5.08333349227905,1437,161,74,20.7419185638428,448,263,267,408,7.55000019073486,30.3212833404541,634.29931640625,16.2000007629395,-8.69999980926514,24.9000015258789,-0.683333337306976,9.86666679382324,-8.69999980926514,-8.5,-6.90000009536743,-4.69999980926514,-0.600000023841858,2.70000004768372,5.90000009536743,6.5,3.59999990463257,0.100000001490116,-4.30000019073486,-7.09999990463257,-2.70000004768372,-2.20000004768372,-0.300000011920929,2.09999990463257,8,12,15.8999996185303,16.2000007629395,12.3999996185303,7.09999990463257,1.39999997615814,-1.29999995231628,-5.69999980926514,-5.40000009536743,-3.59999990463257,-1.29999995231628,3.70000004768372,7.40000009536743,10.8999996185303,11.3999996185303,8,3.59999990463257,-1.5,-4.19999980926514,138,123,118,122,122,99,74,90,103,140,161,147,6530,10072,14262,17927,20708,23692,23829,20811,16057,10693,6881,5550,4.09999990463257,4.09999990463257,4.40000009536743,4.30000019073486,4,3.90000009536743,3.90000009536743,3.59999990463257,3.79999995231628,3.79999995231628,4.19999980926514,4.09999990463257,0.28999999165535,0.300000011920929,0.349999994039536,0.419999986886978,0.600000023841858,0.730000019073486,0.860000014305115,0.860000014305115,0.699999988079071,0.540000021457672,0.370000004768372,0.330000013113022
60,16.1375007629395,23.216667175293,8.58333301544189,484,104,1,92.8244552612305,270,6,6,267,14.7749996185303,47.5080375671387,607.719787597656,33.9000015258789,2.79999995231628,31.1000022888184,10.283332824707,23.216667175293,3.5,5.09999990463257,6.59999990463257,7.90000009536743,10.6999998092651,13.1999998092651,14.1000003814697,13.3999996185303,12.6000003814697,9.60000038146973,5.5,2.79999995231628,12,15.8999996185303,18.6000003814697,22.7000007629395,27.1000003814697,31.3999996185303,33.9000015258789,33.2999992370605,31.2999992370605,26.1000003814697,17.7999992370605,12.1999998092651,7.80000019073486,10.5,12.6000003814697,15.3000001907349,18.8999996185303,22.2999992370605,24,23.2999992370605,22,17.7999992370605,11.6999998092651,7.5,104,91,75,25,13,4,1,1,8,24,66,72,6124,9319,15107,19897,23779,27343,27566,24429,19845,13959,8543,5965,2.40000009536743,2.70000004768372,3.09999990463257,3.29999995231628,3.5,3.70000004768372,3.40000009536743,3.20000004768372,2.70000004768372,2.40000009536743,2.20000004768372,2.20000004768372,0.870000004768372,0.949999988079071,0.980000019073486,1,1.12000000476837,1.25,1.39999997615814,1.38999998569489,1.29999995231628,1.12999999523163,0.980000019073486,0.839999973773956
